symbol,date,gap,atr_pct,entry,exit,reason,exit_min,gross,ret,period
AFRM,2024-10-09,0.04240583232077766,0.05394323902100328,41.83,43.25,eod,945,-0.032832369942196626,-0.034232369942196625,IS
IREN,2024-10-14,0.04780361757105922,0.08213178294573642,7.9,8.295,stop,630,-0.04761904761904756,-0.04901904761904756,IS
LRCX,2024-10-17,0.03129214764697075,0.044063249867715246,72.7876070131255,72.117117,eod,945,0.00929723817336603,0.007897238173366029,IS
BILI,2024-10-18,0.08787255909558067,0.1199185141682572,20.64,20.15,eod,945,0.02431761786600517,0.02291761786600517,IS
LRCX,2024-10-24,0.045566842002397356,0.04015028768944821,74.25676943816117,75.499148,eod,945,-0.01645553088677021,-0.017855530886770207,IS
SOUN,2024-11-01,0.04373757455268379,0.08787276341948305,5.19,5.14,eod,945,0.009727626459144156,0.008327626459144156,IS
AAOI,2024-11-06,0.0598548972188635,0.07329288305406809,17.27,16.21,eod,945,0.06539173349784067,0.06399173349784067,IS
APLD,2024-11-06,0.08320251177394034,0.11369813859609784,6.845,7.18725,stop,660,-0.04761904761904756,-0.04901904761904756,IS
CORZ,2024-11-06,0.08678955453149007,0.05944151854290105,13.93,14.33,eod,945,-0.027913468248429885,-0.029313468248429883,IS
LUNR,2024-11-06,0.03875968992248047,0.0748454226651901,7.85,8.2425,stop,615,-0.04761904761904767,-0.04901904761904767,IS
HMY,2024-11-13,0.030368769629237402,0.05137821264829334,9.110722445182724,8.747456,eod,945,0.04152823920265769,0.04012823920265769,IS
AG,2024-11-18,0.048895956799667184,0.059937011438862355,6.568333978819969,6.578286,eod,945,-0.001512859304084846,-0.002912859304084846,IS
HL,2024-11-18,0.045454387606329805,0.057337649911565966,5.6404216672566365,5.620526,eod,945,0.003539823008849474,0.002139823008849474,IS
HMY,2024-11-18,0.07283229502636601,0.057265899476437114,8.883075526315789,9.018695,eod,945,-0.015037593984962405,-0.016437593984962404,IS
OKLO,2024-11-18,0.08333333333333326,0.19482222222222226,18.41,19.3305,stop,600,-0.04761904761904767,-0.04901904761904767,IS
IREN,2024-11-21,0.05148514851485153,0.11109193776520515,9.915,9.72,eod,945,0.020061728395061484,0.018661728395061486,IS
HMY,2024-11-22,0.04075233858580285,0.05187192421108168,9.406178839044653,9.328682,eod,945,0.008307372793354029,0.0069073727933540285,IS
RUN,2024-11-25,0.03520456707897246,0.12475125730596717,10.68,11.214,stop,690,-0.04761904761904767,-0.04901904761904767,IS
OKLO,2024-12-04,0.046199701937406745,0.15341423603718682,20.24,20.34,eod,945,-0.004916420845624492,-0.006316420845624492,IS
SMR,2024-12-04,0.03176517893043829,0.13549141248779367,25.03,26.2815,stop,600,-0.04761904761904767,-0.04901904761904767,IS
BE,2024-12-11,0.051129100979974584,0.08136466005234648,24.03,23.6,eod,945,0.018220338983050866,0.016820338983050867,IS
HUT,2024-12-11,0.05386416861826704,0.12292907326865173,26.12,26.69,eod,945,-0.021356313225927348,-0.022756313225927347,IS
OKLO,2024-12-11,0.050488599348534224,0.13026485186908635,18.3149,19.230645000000003,stop,810,-0.04761904761904767,-0.04901904761904767,IS
CLSK,2024-12-12,0.03273577552611062,0.12888319786215346,13.02,12.33,eod,945,0.05596107055961075,0.05456107055961075,IS
CORZ,2024-12-12,0.039722572509457654,0.07380336876238516,16.0402,15.54,eod,945,0.03218790218790213,0.03078790218790213,IS
RIOT,2024-12-12,0.098980458793543,0.10644435004248089,12.3501,12.967605,stop,660,-0.04761904761904767,-0.04901904761904767,IS
WULF,2024-12-12,0.030513176144244092,0.11301268080047552,7.32,7.686000000000001,stop,660,-0.04761904761904767,-0.04901904761904767,IS
APLD,2024-12-19,0.03826384922901194,0.11580810965162763,8.77,8.045,eod,945,0.09011808576755742,0.08871808576755742,IS
CIFR,2024-12-19,0.03895071542130357,0.1117067908244379,6.3779,5.74,eod,945,0.11113240418118475,0.10973240418118475,IS
CLSK,2024-12-19,0.05477031802120136,0.1271769308430086,11.68,10.91,eod,945,0.0705774518790101,0.0691774518790101,IS
COIN,2024-12-19,0.03851925962981473,0.07957787567253014,288.1416,273.92,eod,945,0.05191880841121477,0.05051880841121477,IS
CORZ,2024-12-19,0.03806228373702436,0.08273059812160159,14.75,14.48,eod,945,0.018646408839779083,0.017246408839779084,IS
HOOD,2024-12-19,0.03775620280474645,0.07577535059331175,37.93,36.94,eod,945,0.02680021656740661,0.02540021656740661,IS
HUT,2024-12-19,0.03903559127439715,0.12019271773003112,26.825,23.8,eod,945,0.12710084033613445,0.12570084033613443,IS
IREN,2024-12-19,0.04369332234130252,0.12333588505476384,12.36,11.415,eod,945,0.08278580814717484,0.08138580814717485,IS
MARA,2024-12-19,0.04396112910689487,0.10650889138626296,22.15,20.37,eod,945,0.08738340697103575,0.08598340697103575,IS
MSTR,2024-12-19,0.04518933760439303,0.09838399088041577,356.7208,326.46,eod,945,0.09269374502236105,0.09129374502236105,IS
RIOT,2024-12-19,0.06108786610878658,0.10860669456066946,12.25,11.19,eod,945,0.09472743521000893,0.09332743521000893,IS
SMR,2024-12-19,0.0366300366300365,0.15130223517978617,19.37,19.01,eod,945,0.01893740136770128,0.01753740136770128,IS
WULF,2024-12-19,0.04659498207885315,0.12483256528417822,7.02,6.49,eod,945,0.08166409861325108,0.08026409861325108,IS
APLD,2024-12-31,0.03262233375156853,0.11251658003226384,7.68,7.64,eod,945,0.005235602094240788,0.0038356020942407875,IS
HUT,2024-12-31,0.04788470478847029,0.1266500630935777,21.7,20.49,eod,945,0.05905319668130793,0.05765319668130793,IS
MARA,2024-12-31,0.03990746096009268,0.09790258613566884,17.33,16.77,eod,945,0.03339296362552169,0.03199296362552169,IS
MSTR,2024-12-31,0.04621072088724576,0.10480053943943565,304.32,289.62,eod,945,0.05075616324839438,0.04935616324839438,IS
WULF,2024-12-31,0.03571428571428559,0.14325859291084858,5.405,5.67525,stop,915,-0.04761904761904756,-0.04901904761904756,IS
SMR,2025-01-02,0.03569436698271056,0.12537646402677077,17.95,17.71,eod,945,0.013551665725578754,0.012151665725578754,IS
IREN,2025-01-06,0.0335097001763669,0.09903691106072059,11.4,11.97,stop,645,-0.04761904761904767,-0.04901904761904767,IS
UUUU,2025-01-06,0.03658536585365857,0.04420980587356894,5.84,5.83,eod,945,0.0017152658662091813,0.0003152658662091813,IS
WULF,2025-01-06,0.043408360128617485,0.1228146531924667,6.28,6.5,eod,945,-0.03384615384615386,-0.03524615384615386,IS
XPEV,2025-01-06,0.035866780529461906,0.0507496645114066,11.935,11.75,eod,945,0.015744680851063952,0.014344680851063952,IS
QBTS,2025-01-10,0.03934426229508192,0.34654449648711955,5.75,5.77,eod,945,-0.0034662045060658286,-0.004866204506065829,IS
AAOI,2025-01-14,0.030355294929286014,0.12141280244419259,29.015,27.79,eod,945,0.0440806045340052,0.0426806045340052,IS
AFRM,2025-01-14,0.03580179191808375,0.06065081106496355,55.65,55.35,eod,945,0.005420054200542035,0.004020054200542035,IS
BILI,2025-01-14,0.050310559006211175,0.040452528837621994,16.72,16.65,eod,945,0.004204204204204309,0.002804204204204309,IS
COIN,2025-01-14,0.041898885350318604,0.06565340650591447,258.91,255.37,eod,945,0.01386223910404527,0.01246223910404527,IS
HUT,2025-01-14,0.059747056258177,0.09281103981060373,24.16,23.86,eod,945,0.01257334450963965,0.01117334450963965,IS
MARA,2025-01-14,0.04363001745200701,0.07655987700490315,17.75,17.36,eod,945,0.02246543778801846,0.021065437788018462,IS
WULF,2025-01-14,0.07692307692307687,0.11407692307692313,5.58,5.57,eod,945,0.0017953321364452268,0.00039533213644522684,IS
AFRM,2025-01-15,0.09214092140921415,0.05686785391663437,58.71,58.21,eod,945,0.008589589417625776,0.007189589417625776,IS
BE,2025-01-15,0.04260089686098656,0.06793305573350411,22.8,22.65,eod,945,0.0066225165562914245,0.005222516556291424,IS
COHR,2025-01-15,0.037311827956989285,0.05047949308755761,94.92,96.45,eod,945,-0.01586314152410573,-0.017263141524105727,IS
HIMS,2025-01-15,0.03929797787104139,0.07144165258625387,26.8,27.86,eod,945,-0.03804737975592243,-0.039447379755922427,IS
RUN,2025-01-15,0.0553814002089863,0.07175399313330347,9.96,9.63,eod,945,0.034267912772585785,0.032867912772585786,IS
QBTS,2025-01-16,0.03367875647668406,0.30835060449050083,5.65,6.105,stop_gap,600,-0.07452907452907453,-0.07592907452907453,IS
AAOI,2025-01-17,0.03205958549222809,0.10077465766099186,30.14,31.647000000000002,stop,825,-0.04761904761904767,-0.04901904761904767,IS
WULF,2025-01-17,0.06324786324786325,0.09820634920634924,6.06,6.3629999999999995,stop,630,-0.04761904761904756,-0.04901904761904756,IS
BTDR,2025-01-21,0.030143540669856694,0.1378503075871497,20.81,21.8505,stop,795,-0.04761904761904767,-0.04901904761904767,IS
QBTS,2025-01-22,0.11208267090620039,0.25204292527821937,6.57,6.25,eod,945,0.051200000000000134,0.049800000000000136,IS
AFRM,2025-01-24,0.04016913319238902,0.05696529245947849,57.902,55.73,eod,945,0.03897362282433159,0.03757362282433159,IS
ASTS,2025-01-24,0.03282828282828265,0.08762662337662339,20.01,20.35,eod,945,-0.016707616707616668,-0.018107616707616667,IS
APLD,2025-01-28,0.06872586872586872,0.16847104247104247,6.52,6.52,eod,945,0.0,-0.0014,IS
CORZ,2025-01-28,0.03191489361702149,0.10220681357649442,11.05,11.31,eod,945,-0.02298850574712641,-0.024388505747126407,IS
CRDO,2025-01-28,0.07104316546762579,0.128919578622816,55.5,58.275000000000006,stop,885,-0.04761904761904767,-0.04901904761904767,IS
IONQ,2025-01-28,0.038142189932537596,0.1723137371191341,37.14,38.86,eod,945,-0.044261451363870274,-0.04566145136387027,IS
LITE,2025-01-28,0.035459080490764405,0.07631628113022208,75.08,77.8,eod,945,-0.034961439588688914,-0.03636143958868891,IS
QBTS,2025-01-28,0.053763440860215006,0.25755248335893494,5.55,5.8275,stop,870,-0.04761904761904756,-0.04901904761904756,IS
RGTI,2025-01-28,0.0799196787148595,0.23668961560527826,12.5,13.08,eod,945,-0.04434250764525993,-0.04574250764525993,IS
SMR,2025-01-28,0.05328071040947213,0.1480181830995842,19.78,20.769000000000002,stop,615,-0.04761904761904767,-0.04901904761904767,IS
CORZ,2025-01-30,0.05846422338568935,0.10175454998753426,11.9406,12.53763,stop,855,-0.04761904761904767,-0.04901904761904767,IS
VRT,2025-01-30,0.04970124808691567,0.09419570082830231,115.55604976649214,114.388212,eod,945,0.01020942408376957,0.00880942408376957,IS
UUUU,2025-02-04,0.03809523809523818,0.061820408163265256,5.3195,5.41,eod,945,-0.016728280961183062,-0.01812828096118306,IS
ALAB,2025-02-06,0.03059022238904019,0.10865333315459992,107.1,104.51,eod,945,0.024782317481580662,0.023382317481580664,IS
HL,2025-02-18,0.04319850230346778,0.058492631599349136,5.525183978057555,5.54453,eod,945,-0.0034892086330933214,-0.004889208633093322,IS
RUN,2025-02-19,0.033860045146727025,0.0630844888745566,8.93,8.61,eod,945,0.03716608594657389,0.03576608594657389,IS
AAOI,2025-02-20,0.035492133186974195,0.10401129057550572,27.92,29.316000000000003,stop,750,-0.04761904761904767,-0.04901904761904767,IS
IONQ,2025-02-20,0.04393673110720564,0.10483032052891457,34.24,33.75,eod,945,0.014518518518518597,0.013118518518518597,IS
RGTI,2025-02-20,0.09519492293744336,0.12575023313042352,11.41,11.47,eod,945,-0.005231037489102031,-0.006631037489102031,IS
COIN,2025-02-21,0.0405315873572627,0.06140087298803539,262.5701,235.38,eod,945,0.11551576174696243,0.11411576174696243,IS
IONQ,2025-02-21,0.03140740740740755,0.10481650793650797,34.3057,31.74,eod,945,0.08083490863264031,0.07943490863264031,IS
IONQ,2025-02-26,0.03531786074672061,0.11246312046513866,30.17,29.93,eod,945,0.008018710324089628,0.006618710324089628,IS
SMR,2025-02-26,0.06161272004542884,0.14578648495173196,18.2505,17.95,eod,945,0.0167409470752089,0.0153409470752089,IS
VRT,2025-02-26,0.09532100144638345,0.07588551247392232,97.41962953858635,98.427763,eod,945,-0.010242368928100598,-0.011642368928100598,IS
ACHR,2025-02-27,0.04750304506699132,0.12345484600661213,8.275,7.92,eod,945,0.04482323232323249,0.04342323232323249,IS
APLD,2025-02-27,0.05983960518198628,0.12416409623689079,8.18,8.589,stop,660,-0.04761904761904767,-0.04901904761904767,IS
CLSK,2025-02-27,0.042512690355329896,0.09873821609862214,8.075,7.51,eod,945,0.07523302263648457,0.07383302263648457,IS
COHR,2025-02-27,0.03635204081632648,0.07515324344023326,78.1652,74.92,eod,945,0.04331553657234388,0.041915536572343884,IS
HOOD,2025-02-27,0.0595701125895598,0.09527167714578158,50.8275,48.78,eod,945,0.04197416974169732,0.04057416974169732,IS
IREN,2025-02-27,0.03297997644287398,0.11909136799596162,8.5,7.86,eod,945,0.08142493638676851,0.08002493638676851,IS
JOBY,2025-02-27,0.058208955223880476,0.06701705756929638,6.71,7.0455000000000005,stop,630,-0.04761904761904767,-0.04901904761904767,IS
LITE,2025-02-27,0.04193103448275881,0.06607684729064041,71.27,69.62,eod,945,0.023700086182131486,0.022300086182131487,IS
LUNR,2025-02-27,0.043939393939393945,0.11800043290043288,15.9,14.395,eod,945,0.10455019103855512,0.10315019103855512,IS
NBIS,2025-02-27,0.0476653696498055,0.12824505677757483,35.27,32.05,eod,945,0.10046801872074895,0.09906801872074895,IS
OKLO,2025-02-27,0.09263995453253782,0.16410871595014817,35.4101,32.39,eod,945,0.09324174127817231,0.09184174127817231,IS
RIOT,2025-02-27,0.06040268456375841,0.09188239054010867,9.22,8.66,eod,945,0.0646651270207852,0.0632651270207852,IS
RKLB,2025-02-27,0.034117647058823586,0.10227058823529411,21.17,19.83,eod,945,0.06757438224911771,0.06617438224911772,IS
SOUN,2025-02-27,0.04493207941483801,0.14773697566801017,9.51,9.9855,stop,660,-0.04761904761904767,-0.04901904761904767,IS
VRT,2025-02-27,0.05161747910495551,0.07198987284570454,95.37341809923169,92.239221,eod,945,0.03397900660101727,0.03257900660101727,IS
ACHR,2025-03-03,0.03040540540540526,0.12757319819819818,8.93,7.88,eod,945,0.133248730964467,0.13184873096446698,IS
APLD,2025-03-03,0.034375000000000044,0.13244375,8.1601,6.88,eod,945,0.18606104651162791,0.1846610465116279,IS
ASTS,2025-03-03,0.07266691257838431,0.12177767824208247,27.6,25.62,eod,945,0.07728337236533966,0.07588337236533967,IS
BTDR,2025-03-03,0.09666937449228263,0.13627132412672624,12.51,11.32,eod,945,0.10512367491166064,0.10372367491166064,IS
CLSK,2025-03-03,0.10325406758448041,0.08709190059002318,8.6,7.79,eod,945,0.10397946084723997,0.10257946084723997,IS
COIN,2025-03-03,0.07703367034597908,0.08036886983714739,222.66,205.75,eod,945,0.08218712029161601,0.08078712029161601,IS
CORZ,2025-03-03,0.03046594982078843,0.08162122375832052,11.31,10.14,eod,945,0.11538461538461542,0.11398461538461542,IS
HL,2025-03-03,0.03313839851110134,0.06342384404573806,5.225420834645669,5.065866,eod,945,0.03149606299212593,0.03009606299212593,IS
HOOD,2025-03-03,0.09221556886227544,0.0968011120615911,51.3401,46.89,eod,945,0.09490509703561534,0.09350509703561534,IS
HUT,2025-03-03,0.1193220338983052,0.0921864406779661,16.1,14.08,eod,945,0.14346590909090917,0.14206590909090916,IS
IONQ,2025-03-03,0.030525030525030417,0.13079568579568582,24.77,23.11,eod,945,0.07183037646040669,0.07043037646040669,IS
IREN,2025-03-03,0.0813106796116505,0.12283460471567266,8.5709,7.57,eod,945,0.13221928665785998,0.13081928665785997,IS
MARA,2025-03-03,0.10057471264367823,0.07779146141215106,15.03,13.79,eod,945,0.08992023205221167,0.08852023205221167,IS
OKLO,2025-03-03,0.04073075771188983,0.15744063663201124,33.5801,29.38,eod,945,0.1429577944179714,0.1415577944179714,IS
RIOT,2025-03-03,0.08405172413793127,0.09021012931034486,9.8,8.86,eod,945,0.10609480812641103,0.10469480812641103,IS
RKLB,2025-03-03,0.03660322108345526,0.11507181203374464,20.51,18.66,eod,945,0.09914255091103974,0.09774255091103974,IS
SMR,2025-03-03,0.042757417102966766,0.12613812016953377,17.01,15.45,eod,945,0.1009708737864079,0.0995708737864079,IS
SOUN,2025-03-03,0.04158964879852123,0.13700686559281752,10.96,11.508000000000001,stop,615,-0.04761904761904767,-0.04901904761904767,IS
HUT,2025-03-05,0.03708987161198296,0.11364632158141431,14.055,14.75775,stop,735,-0.04761904761904767,-0.04901904761904767,IS
NBIS,2025-03-05,0.0455927051671734,0.1730462681526511,29.83,30.17,eod,945,-0.011269472986410456,-0.012669472986410456,IS
ACHR,2025-03-12,0.07048458149779746,0.15036605831760022,7.16,7.518000000000001,stop,945,-0.04761904761904767,-0.04901904761904767,IS
ALAB,2025-03-12,0.05836487509462529,0.1046128474099708,69.97,68.82,eod,945,0.016710258645742604,0.015310258645742604,IS
APLD,2025-03-12,0.0556862745098039,0.1793378151260505,6.66,6.62,eod,945,0.0060422960725075026,0.004642296072507502,IS
ASTS,2025-03-12,0.04640614096301454,0.1389679493569933,29.63,27.56,eod,945,0.07510885341074025,0.07370885341074025,IS
CIEN,2025-03-12,0.03534010946051591,0.0758571428571428,65.55,66.4,eod,945,-0.012801204819277268,-0.014201204819277268,IS
COHR,2025-03-12,0.037379663056558377,0.08551282877772047,68.13,67.32,eod,945,0.012032085561497263,0.010632085561497263,IS
CORZ,2025-03-12,0.03360370799536483,0.1418432378745241,8.75,8.95,eod,945,-0.022346368715083775,-0.023746368715083774,IS
HIMS,2025-03-12,0.04148660328435594,0.205002263653949,35.91,33.93,eod,945,0.05835543766578244,0.05695543766578244,IS
HOOD,2025-03-12,0.0723322332233225,0.1433675153229609,38.58,38.92,eod,945,-0.008735868448098705,-0.010135868448098705,IS
HUT,2025-03-12,0.031144781144781142,0.15164502164502164,12.15,12.15,eod,945,0.0,-0.0014,IS
IREN,2025-03-12,0.039716312056737646,0.1513677811550152,7.24,7.04,eod,945,0.02840909090909083,0.02700909090909083,IS
LITE,2025-03-12,0.04883158742949245,0.08875825946817086,64.1101,64.02,eod,945,0.0014073726960326383,7.372696032638274e-06,IS
OKLO,2025-03-12,0.07852375343541418,0.17049441920466651,26.81,26.19,eod,945,0.023673157693776092,0.022273157693776094,IS
RKLB,2025-03-12,0.061132922041503335,0.132540661805945,18.65,18.43,eod,945,0.011937059142702156,0.010537059142702155,IS
SMR,2025-03-12,0.0468846391116593,0.12640477659293203,16.96,15.98,eod,945,0.06132665832290374,0.05992665832290374,IS
TEM,2025-03-12,0.06954804738920584,0.16794897511439855,47.5279,45.5,eod,945,0.044569230769230916,0.04316923076923092,IS
VRT,2025-03-12,0.06953801496651857,0.1024357207729368,85.31204567392832,85.222212,eod,945,0.0010541110330288816,-0.00034588896697111834,IS
COIN,2025-03-14,0.035607639867034635,0.10675446504028395,182.24,183.12,eod,945,-0.004805591961555278,-0.006205591961555278,IS
VRT,2025-03-14,0.0448910729173404,0.09711947417774451,85.10243425523157,87.288387,eod,945,-0.025042881646655135,-0.026442881646655134,IS
IONQ,2025-03-19,0.04012345679012341,0.11261652809271858,22.75,23.3,eod,945,-0.023605150214592308,-0.025005150214592306,IS
OKLO,2025-03-19,0.035357417371252975,0.136337158229933,26.13,27.4365,stop,765,-0.04761904761904756,-0.04901904761904756,IS
RKLB,2025-03-28,0.06188925081433205,0.07172832325112456,19.0001,18.62,eod,945,0.020413533834586328,0.01901353383458633,IS
HUT,2025-03-31,0.04948805460750849,0.07470685031691857,11.595,11.62,eod,945,-0.002151462994836373,-0.003551462994836373,IS
IONQ,2025-04-01,0.101495242410512,0.11096737652922518,22.48,23.604000000000003,stop,630,-0.04761904761904767,-0.04901904761904767,IS
QBTS,2025-04-01,0.04144736842105279,0.18458646616541355,7.33,7.6965,stop,645,-0.04761904761904767,-0.04901904761904767,IS
SMR,2025-04-01,0.04166666666666674,0.09984967715899921,14.01,14.7105,stop,675,-0.04761904761904756,-0.04901904761904756,IS
XPEV,2025-04-01,0.03667953667953672,0.0647576530612245,20.96,20.96,eod,945,0.0,-0.0014,IS
MP,2025-04-04,0.05157131345688959,0.04852365603775755,24.5207,23.06,eod,945,0.06334345186470092,0.06194345186470092,IS
ACHR,2025-04-08,0.0795795795795795,0.09586872586872584,6.96,6.4,eod,945,0.08749999999999991,0.08609999999999991,IS
AG,2025-04-08,0.05698516183814739,0.07336921266587515,5.608963784351144,5.220421,eod,945,0.07442748091603035,0.07302748091603035,IS
ALAB,2025-04-08,0.07541696881798421,0.09772091577747852,56.75,53.71,eod,945,0.05660026065909518,0.05520026065909518,IS
APLD,2025-04-08,0.09125475285171114,0.12953150461705593,5.47,5.08,eod,945,0.07677165354330695,0.07537165354330695,IS
ASTS,2025-04-08,0.06727613689639012,0.10598519858013528,21.92,20.3,eod,945,0.0798029556650246,0.0784029556650246,IS
BILI,2025-04-08,0.030089628681178038,0.06471236509968901,15.71,14.88,eod,945,0.05577956989247301,0.054379569892473015,IS
BTDR,2025-04-08,0.035628019323671545,0.11439354727398207,8.24,7.34,eod,945,0.12261580381471404,0.12121580381471404,IS
CDE,2025-04-08,0.043478217858609725,0.08385093352034528,5.209150743243243,4.804605,eod,945,0.08419958419958418,0.08279958419958418,IS
CLSK,2025-04-08,0.0397039030955586,0.1084204960584503,7.565,6.74,eod,945,0.12240356083086046,0.12100356083086046,IS
COIN,2025-04-08,0.050356052899287906,0.08395068849004506,160.905,151.47,eod,945,0.062289562289562284,0.060889562289562285,IS
CORZ,2025-04-08,0.05840455840455849,0.12449124949124953,7.17,6.51,eod,945,0.10138248847926268,0.09998248847926268,IS
EQX,2025-04-08,0.05208344228721562,0.05741569509688102,5.880777046572935,5.666659,eod,945,0.03778558875219673,0.03638558875219673,IS
FSM,2025-04-08,0.04460966542750944,0.07288900690387681,5.525,5.19,eod,945,0.06454720616570331,0.06314720616570331,IS
HIMS,2025-04-08,0.07310046813107673,0.12455578990688823,28.5,26.1,eod,945,0.09195402298850563,0.09055402298850564,IS
HMY,2025-04-08,0.06095676701431407,0.05513945064335329,13.02915603315343,12.564175,eod,945,0.037008481110254454,0.035608481110254456,IS
HOOD,2025-04-08,0.04871505224512851,0.1109214507604793,36.31,34.17,eod,945,0.06262803628914249,0.06122803628914249,IS
IONQ,2025-04-08,0.05714285714285716,0.12071177394034534,23.36,21.28,eod,945,0.09774436090225547,0.09634436090225547,IS
IREN,2025-04-08,0.0501700680272108,0.10651724975704568,5.995,5.3,eod,945,0.13113207547169825,0.12973207547169824,IS
JOBY,2025-04-08,0.05017921146953408,0.07160522273425501,5.7,5.33,eod,945,0.06941838649155718,0.06801838649155718,IS
MARA,2025-04-08,0.05328596802841923,0.10373318954580056,11.36,10.52,eod,945,0.07984790874524705,0.07844790874524706,IS
MP,2025-04-08,0.0837849103793249,0.06952569523015541,24.75,21.94,eod,945,0.12807657247037363,0.12667657247037362,IS
NBIS,2025-04-08,0.06983372921615194,0.1245476756023074,21.65,20.06,eod,945,0.07926221335992034,0.07786221335992034,IS
OKLO,2025-04-08,0.08891928864569087,0.13355807439254772,22.58,20.23,eod,945,0.11616411270390503,0.11476411270390503,IS
QBTS,2025-04-08,0.08181818181818179,0.1556818181818182,6.81,6.22,eod,945,0.094855305466238,0.093455305466238,IS
RGTI,2025-04-08,0.07322929171668657,0.11451895043731777,8.587,7.72,eod,945,0.1123056994818652,0.1109056994818652,IS
RIOT,2025-04-08,0.04500703234880432,0.09538175607795858,7.175,6.54,eod,945,0.09709480122324154,0.09569480122324155,IS
SMR,2025-04-08,0.08510638297872353,0.1146393110435664,14.73,13.91,eod,945,0.058950395398993605,0.057550395398993606,IS
TEM,2025-04-08,0.06241217798594856,0.12292455670792907,43.46,37.23,eod,945,0.16733816814397007,0.16593816814397006,IS
VRT,2025-04-08,0.09996865628513674,0.11066649425475258,67.39364488108107,62.810198,eod,945,0.0729729729729729,0.0715729729729729,IS
RGTI,2025-04-09,0.03367875647668406,0.1260658771280533,7.83,8.2215,stop,795,-0.04761904761904767,-0.04901904761904767,IS
XPEV,2025-04-10,0.03497706422018343,0.06983125819134993,17.63,18.511499999999998,stop,825,-0.04761904761904756,-0.04901904761904756,IS
AAOI,2025-04-14,0.06560283687943258,0.19752875506585615,11.52,11.25,eod,945,0.02400000000000002,0.022600000000000023,IS
ACHR,2025-04-14,0.04267425320056906,0.10533326559642348,7.15,7.25,eod,945,-0.013793103448275779,-0.015193103448275779,IS
AFRM,2025-04-14,0.030624845640898846,0.12342677204247958,41.25,40.78,eod,945,0.011525257479156448,0.010125257479156448,IS
ALAB,2025-04-14,0.05255280226176606,0.10976230072937208,60.24,59.41,eod,945,0.013970712001346586,0.012570712001346586,IS
APLD,2025-04-14,0.06238185255198481,0.13831758034026465,5.38,5.37,eod,945,0.0018621973929235924,0.00046219739292359245,IS
ASTS,2025-04-14,0.039089347079037884,0.10469655130093271,23.5601,22.91,eod,945,0.028376254910519316,0.026976254910519318,IS
BE,2025-04-14,0.03174603174603163,0.11119574020084225,17.735,17.9,eod,945,-0.009217877094972016,-0.010617877094972016,IS
BTDR,2025-04-14,0.0540880503144654,0.13315723270440252,8.105,7.87,eod,945,0.02986022871664562,0.028460228716645622,IS
CIEN,2025-04-14,0.04151071793126904,0.0898325475137316,59.85,58.5,eod,945,0.023076923076922995,0.021676923076922996,IS
CLSK,2025-04-14,0.04066666666666663,0.11402761904761904,7.66,8.043000000000001,stop,645,-0.04761904761904767,-0.04901904761904767,IS
COHR,2025-04-14,0.06612318840579712,0.1277573757763975,56.28,56.14,eod,945,0.0024937655860348684,0.0010937655860348684,IS
CORZ,2025-04-14,0.04879773691654865,0.13381491210345528,7.23,7.06,eod,945,0.024079320113314484,0.022679320113314486,IS
CRDO,2025-04-14,0.05449380165289264,0.12529665363046044,39.2242,39.1,eod,945,0.003176470588235336,0.0017764705882353361,IS
HIMS,2025-04-14,0.054719059860447894,0.13272755888987986,27.65,28.31,eod,945,-0.02331331684916993,-0.024713316849169928,IS
HUT,2025-04-14,0.04851973684210531,0.11180862312030077,12.39,12.1,eod,945,0.023966942148760495,0.022566942148760497,IS
IREN,2025-04-14,0.04618117229129659,0.12240294341537677,5.685,5.75,eod,945,-0.011304347826087024,-0.012704347826087025,IS
LITE,2025-04-14,0.07119173005656321,0.1322271448076012,53.25,52.36,eod,945,0.016997708174178783,0.015597708174178783,IS
LUNR,2025-04-14,0.0362694300518136,0.12024981495188751,7.84,7.73,eod,945,0.014230271668822736,0.012830271668822736,IS
NBIS,2025-04-14,0.03765690376569042,0.13407518097894666,21.65,20.73,eod,945,0.044380125422093464,0.042980125422093465,IS
OKLO,2025-04-14,0.06333333333333346,0.1352301587301587,22.9,22.55,eod,945,0.015521064301551979,0.014121064301551979,IS
QBTS,2025-04-14,0.044137931034482714,0.11600985221674878,7.4112,7.02,eod,945,0.055726495726495795,0.054326495726495797,IS
RIOT,2025-04-14,0.03966005665722383,0.10827701335491702,7.211,7.01,eod,945,0.02867332382310983,0.027273323823109832,IS
SMR,2025-04-14,0.040924092409240886,0.11270532767562472,15.0201,15.25,eod,945,-0.01507540983606559,-0.016475409836065588,IS
SOUN,2025-04-14,0.051932367149758685,0.11580227743271224,8.425,8.15,eod,945,0.033742331288343586,0.03234233128834359,IS
TEM,2025-04-14,0.04510921177587868,0.13494471577804912,42.51,43.13,eod,945,-0.014375144910735105,-0.015775144910735103,IS
VRT,2025-04-14,0.0518603646999658,0.11795103632327698,70.36439760095014,71.46782,eod,945,-0.015439429928740811,-0.01683942992874081,IS
HUT,2025-04-23,0.07803223070398668,0.1105149642554223,12.27,12.26,eod,945,0.0008156606851550396,-0.0005843393148449603,IS
SNDK,2025-04-23,0.0798446995273463,0.15599980708015818,31.34,30.36,eod,945,0.0322793148880105,0.030879314888010503,IS
HMY,2025-05-02,0.0316073089158424,0.060253612179708496,14.82415818604651,14.68753,eod,945,0.009302325581395321,0.00790232558139532,IS
XPEV,2025-05-02,0.0637386181039099,0.06030224194659114,19.71,19.76,eod,945,-0.0025303643724696734,-0.003930364372469674,IS
AG,2025-05-05,0.03045677606243835,0.05568407809250836,5.877954742951907,6.007469,eod,945,-0.021558872305141086,-0.022958872305141084,IS
CDE,2025-05-05,0.030131725905742757,0.059927374013380816,5.279072072477064,5.443887,eod,945,-0.03027522935779825,-0.03167522935779825,IS
RKLB,2025-05-12,0.06070209653827385,0.06494741241206378,21.1209,21.26,eod,945,-0.006542803386641705,-0.007942803386641705,IS
MSTR,2025-05-27,0.031406457200075844,0.056513142888071834,375.57,372.2,eod,945,0.009054271896829613,0.007654271896829613,IS
XPEV,2025-05-29,0.051215726849456855,0.050809252826842094,19.9556,20.1,eod,945,-0.007184079601990079,-0.008584079601990079,IS
ACHR,2025-06-03,0.048304213771839466,0.10156364704155042,9.78,9.72,eod,945,0.006172839506172645,0.004772839506172645,IS
AAOI,2025-06-04,0.03997613365155117,0.08869971019434025,17.08,17.11,eod,945,-0.001753360607831711,-0.003153360607831711,IS
GLXY,2025-06-05,0.032121513944223246,0.10700839499146272,19.81,19.07,eod,945,0.03880440482433123,0.03740440482433123,IS
ASST,2025-06-09,0.0546875,0.37717633928571426,115.28,109.2,eod,945,0.0556776556776557,0.0542776556776557,IS
BTDR,2025-06-09,0.036454610436025714,0.07465842949045237,13.81,14.01,eod,945,-0.014275517487508882,-0.01567551748750888,IS
RUN,2025-06-09,0.030317273795534838,0.1232096692966258,8.62,8.27,eod,945,0.042321644498186206,0.04092164449818621,IS
BTDR,2025-06-10,0.03497501784439683,0.07302233098806975,14.0501,14.3,eod,945,-0.017475524475524473,-0.01887552447552447,IS
RUN,2025-06-10,0.03990326481257567,0.12341682501295559,8.32,8.736,stop,735,-0.04761904761904767,-0.04901904761904767,IS
GLXY,2025-06-20,0.07720588235294135,0.06538415366146459,19.59,18.86,eod,945,0.0387062566277836,0.0373062566277836,IS
SBET,2025-06-20,0.09699999999999998,1.6857457142857144,10.51,9.85,eod,945,0.06700507614213191,0.06560507614213192,IS
MARA,2025-06-25,0.032930107526881525,0.059138344854070664,15.06,14.98,eod,945,0.005340453938584844,0.0039404539385848435,IS
SOUN,2025-06-25,0.03054989816700604,0.05677116671515859,9.95,9.57,eod,945,0.039707419017763756,0.03830741901776376,IS
OKLO,2025-06-26,0.030232139643692646,0.12825625337412275,55.76,55.85,eod,945,-0.0016114592658907911,-0.0030114592658907913,IS
APLD,2025-06-27,0.03314393939393945,0.10398336038961038,10.4,10.38,eod,945,0.0019267822736031004,0.0005267822736031004,IS
OKLO,2025-06-27,0.06624888093106529,0.125694845888221,56.53,59.356500000000004,stop,630,-0.04761904761904767,-0.04901904761904767,IS
RUN,2025-06-30,0.059892328398384986,0.14256777542780238,7.755,8.14275,stop,630,-0.04761904761904756,-0.04901904761904756,IS
SBET,2025-06-30,0.03632478632478642,0.6674221611721611,9.2254,9.686670000000001,stop,735,-0.04761904761904767,-0.04901904761904767,IS
ALAB,2025-07-15,0.04174047829937999,0.0658063393647982,92.3126,92.36,eod,945,-0.0005132091814638029,-0.0019132091814638029,IS
CORZ,2025-07-15,0.030235988200590036,0.11037505267593764,13.775,13.76,eod,945,0.0010901162790697416,-0.00030988372093025836,IS
CRWV,2025-07-15,0.08963172804532582,0.09159568325913933,141.25,140.59,eod,945,0.004694501742655843,0.003294501742655843,IS
NVTS,2025-07-15,0.06473594548551964,0.0814614261377464,6.12,6.426,stop,735,-0.04761904761904767,-0.04901904761904767,IS
BMNR,2025-07-21,0.06257379085042336,0.7177176579845359,42.08763917614355,39.558382,eod,945,0.06393732625726556,0.06253732625726556,IS
BMNR,2025-07-22,0.04953248593433357,0.7276611096696812,39.98825588891644,41.987668683362266,stop,735,-0.04761904761904767,-0.04901904761904767,IS
AAOI,2025-07-23,0.032258064516129004,0.09607020872865273,27.0,26.305,eod,945,0.026420832541341976,0.025020832541341978,IS
BMNR,2025-07-28,0.042462315883444735,0.3798451164080998,39.66835028652805,35.099692,eod,945,0.1301623469097124,0.1287623469097124,IS
CLSK,2025-07-28,0.039763113367174086,0.07360285230843609,12.005,12.03,eod,945,-0.0020781379883623163,-0.0034781379883623165,IS
COIN,2025-07-30,0.030987508076674608,0.05475218070213225,378.63,377.48,eod,945,0.0030465190208752713,0.0016465190208752713,IS
MARA,2025-07-30,0.04846478025285972,0.07693300077406034,17.24,16.55,eod,945,0.04169184290030192,0.040291842900301925,IS
AAOI,2025-07-31,0.031222896790980226,0.09784537232065423,23.28,22.87,eod,945,0.01792741582859647,0.016527415828596473,IS
BMNR,2025-07-31,0.04360466299698462,0.22605835060376941,34.5999387783776,36.32993571729648,stop,705,-0.04761904761904767,-0.04901904761904767,IS
CORZ,2025-07-31,0.03944848716966676,0.04893582097718443,13.4,13.54,eod,945,-0.010339734121122546,-0.011739734121122546,IS
IONQ,2025-07-31,0.031093279839518484,0.06689676171371257,40.63,39.87,eod,945,0.019061951341861283,0.017661951341861284,IS
IREN,2025-07-31,0.03779429987608429,0.09428438661710035,16.5,16.11,eod,945,0.02420856610800759,0.02280856610800759,IS
FSM,2025-08-01,0.03100775193798455,0.04252934662236985,6.4335,6.39,eod,945,0.006807511737089378,0.005407511737089378,IS
AAOI,2025-08-04,0.05480724570366924,0.10299714683829873,22.23,22.19,eod,945,0.0018026137899953554,0.0004026137899953554,IS
BILI,2025-08-04,0.03197807217907722,0.040576257912941324,22.5212,22.435,eod,945,0.003842210831290549,0.0024422108312905488,IS
BMNR,2025-08-04,0.04166665219482524,0.18774734021500436,31.87073976504979,31.12086,eod,945,0.024095727593960836,0.022695727593960838,IS
IONQ,2025-08-06,0.03760114231318412,0.06355052016046782,41.38,41.23,eod,945,0.003638127577007211,0.0022381275770072106,IS
CRCL,2025-08-07,0.03691793952136546,0.09384206295219838,163.49,152.93,eod,945,0.06905119989537689,0.06765119989537689,IS
EXK,2025-08-07,0.030476190476190546,0.04891020408163269,5.33,5.4,eod,945,-0.012962962962963065,-0.014362962962963065,IS
AAOI,2025-08-08,0.0736677115987463,0.08958927771735657,22.455,21.59,eod,945,0.040064844835572044,0.038664844835572046,IS
RKLB,2025-08-08,0.07532232526577687,0.06026416130804276,46.21,44.69,eod,945,0.03401208324009852,0.032612083240098524,IS
TEM,2025-08-08,0.09295199182839631,0.05861155698234349,62.3,60.87,eod,945,0.023492689337933248,0.02209268933793325,IS
RIOT,2025-08-11,0.041516245487364545,0.08383831872099022,11.3301,11.11,eod,945,0.019810981098109748,0.01841098109810975,IS
COIN,2025-08-12,0.030442400350416232,0.06010094576595421,317.5201,322.62,eod,945,-0.015807761453102698,-0.017207761453102696,IS
SBET,2025-08-12,0.0745466756212223,0.14226134510217783,22.77,22.47,eod,945,0.013351134846461887,0.011951134846461887,IS
JOBY,2025-08-15,0.08750719631548654,0.0842737889629081,17.11,16.63,eod,945,0.028863499699338657,0.02746349969933866,IS
BMNR,2025-09-05,0.03934582547381238,0.11623082740938553,43.14732816650808,42.027657,eod,945,0.026641294005708804,0.025241294005708806,IS
BTDR,2025-09-05,0.04912572855953368,0.0944343999048412,12.364,12.35,eod,945,0.0011336032388664652,-0.0002663967611335348,IS
HMY,2025-09-05,0.05353321078146345,0.060895277289435,13.843363674698796,13.77017,eod,945,0.005315379163713718,0.003915379163713718,IS
SMR,2025-09-05,0.04496253122397986,0.08346100471829036,36.26,34.53,eod,945,0.05010136113524455,0.04870136113524455,IS
APLD,2025-09-09,0.061826024442846794,0.0821947211666838,14.06,14.763000000000002,stop,810,-0.04761904761904767,-0.04901904761904767,IS
BMNR,2025-09-09,0.034026044139061185,0.10397498008101101,43.69716631278027,44.586905,eod,945,-0.019955156950672737,-0.021355156950672735,IS
ASTS,2025-09-10,0.03224058520726114,0.09062991059333517,37.13,37.58,eod,945,-0.011974454497072795,-0.013374454497072795,IS
JOBY,2025-09-10,0.06929955290611023,0.05470938897168407,13.725,13.26,eod,945,0.03506787330316752,0.03366787330316752,IS
SMR,2025-09-10,0.03169213355970557,0.08561605626970657,35.7401,34.31,eod,945,0.04168172544447679,0.04028172544447679,IS
JOBY,2025-09-12,0.07821637426900585,0.05648913951545531,14.315,14.0,eod,945,0.022499999999999964,0.021099999999999966,IS
CRCL,2025-09-15,0.036546441110756556,0.07341417400027359,128.4,134.82000000000002,stop,915,-0.04761904761904778,-0.04901904761904778,IS
JOBY,2025-09-15,0.038928571428571423,0.058590816326530626,14.225,14.12,eod,945,0.00743626062322944,0.00603626062322944,IS
MP,2025-09-15,0.039363879703983695,0.055583372697213064,64.88,65.94,eod,945,-0.016075219896875992,-0.01747521989687599,IS
ASST,2025-09-18,0.03260869565217406,0.4647185559006211,72.90000000000002,76.4,eod,945,-0.04581151832460717,-0.04721151832460717,IS
RUN,2025-09-18,0.034569453174104314,0.0680196641824549,15.71,16.3,eod,945,-0.03619631901840492,-0.03759631901840492,IS
ALAB,2025-09-29,0.05276064313884121,0.0749785837077272,201.38,198.8,eod,945,0.012977867203219251,0.01157786720321925,IS
CRDO,2025-10-02,0.05210130425781534,0.06576732356043649,146.75,154.0875,stop,630,-0.04761904761904767,-0.04901904761904767,OOS
CRDO,2025-10-03,0.037759807525229006,0.06588862050200014,151.66,143.87,eod,945,0.05414610412177656,0.05274610412177656,OOS
ASST,2025-10-06,0.03461538461538449,0.2118049450549451,52.60000000000001,50.60000000000001,eod,945,0.03952569169960474,0.03812569169960474,OOS
CRDO,2025-10-06,0.06234795301313678,0.07199445928367869,149.4,147.42,eod,945,0.013431013431013605,0.012031013431013605,OOS
ASST,2025-10-09,0.04020100502512558,0.19202081837760226,39.8,36.2,eod,945,0.09944751381215444,0.09804751381215444,OOS
AEHR,2025-10-13,0.047679863771817876,0.11421699203308402,23.52,24.696,stop,750,-0.04761904761904767,-0.04901904761904767,OOS
ALAB,2025-10-13,0.040032006207264326,0.08252374486480497,205.0,199.53,eod,945,0.027414423896156004,0.026014423896156005,OOS
BILI,2025-10-13,0.039473684210526105,0.05078410311493023,27.41,27.24,eod,945,0.006240822320117578,0.004840822320117578,OOS
LRCX,2025-10-13,0.0511532274987041,0.04284736356716507,136.12646594725925,137.322118,eod,945,-0.008706915318191788,-0.010106915318191788,OOS
ALAB,2025-10-15,0.05583410708758896,0.10852062607772917,165.8348,161.465,eod,945,0.027063450283343116,0.025663450283343117,OOS
LITE,2025-10-15,0.03616532721010324,0.06257767936872415,158.6,156.57,eod,945,0.012965446765025312,0.011565446765025312,OOS
XPEV,2025-10-15,0.03100046970408643,0.051304435348587536,21.8402,21.64,eod,945,0.009251386321626587,0.007851386321626587,OOS
SBET,2025-10-16,0.05412541254125425,0.08268175388967461,15.51,14.57,eod,945,0.06451612903225801,0.06311612903225801,OOS
IONQ,2025-10-20,0.03765490943755956,0.11277111988742111,62.26,59.94,eod,945,0.03870537203870539,0.03730537203870539,OOS
ONDS,2025-10-20,0.059132720105124825,0.16535104186221133,7.742,7.77,eod,945,-0.003603603603603567,-0.005003603603603567,OOS
ASST,2025-10-21,0.031018518518518334,0.28530919312169306,16.6,16.6,eod,945,0.0,-0.0014,OOS
EXK,2025-10-23,0.031133250311332406,0.09837484433374843,8.025,8.06,eod,945,-0.004342431761786614,-0.005742431761786614,OOS
IONQ,2025-10-23,0.10189359783588814,0.13070900425093393,58.1,61.005,stop,885,-0.04761904761904767,-0.04901904761904767,OOS
RGTI,2025-10-23,0.11980033277870206,0.17786427382933206,38.56,40.48800000000001,stop,615,-0.04761904761904767,-0.04901904761904767,OOS
BMNR,2025-10-24,0.036796084754137315,0.09406659038680501,50.53515889704424,50.3952,eod,945,0.002777226740726002,0.001377226740726002,OOS
SBET,2025-10-24,0.04035542391706781,0.09265774580843067,13.79,13.92,eod,945,-0.009339080459770166,-0.010739080459770166,OOS
SMR,2025-10-24,0.03833865814696469,0.15031568537958317,38.1,37.73,eod,945,0.009806520010601671,0.008406520010601671,OOS
TEM,2025-10-24,0.037054058712012505,0.07676952621687495,88.825,89.23,eod,945,-0.004538832231312351,-0.005938832231312351,OOS
BMNR,2025-10-27,0.07002577626440609,0.08592384932351836,52.144686072612174,53.694231,eod,945,-0.028858685533420303,-0.0302586855334203,OOS
MARA,2025-10-27,0.042476970317298024,0.09775954086854806,19.7844,19.56,eod,945,0.011472392638036899,0.010072392638036899,OOS
MSTR,2025-10-27,0.036045385360453874,0.05765578979620076,296.09,295.63,eod,945,0.0015559990528701828,0.00015599905287018282,OOS
OKLO,2025-10-27,0.06431459022418218,0.137383472462855,137.0,137.43,eod,945,-0.0031288656043076957,-0.004528865604307696,OOS
ONDS,2025-10-27,0.09718498659517438,0.14943603983148218,7.75,7.53,eod,945,0.02921646746347939,0.02781646746347939,OOS
SBET,2025-10-27,0.06465517241379315,0.08659123563218382,14.49,14.31,eod,945,0.012578616352201255,0.011178616352201255,OOS
TEM,2025-10-27,0.030034741678807597,0.07546693136517184,90.23,91.58,eod,945,-0.014741209871150796,-0.016141209871150794,OOS
ASTS,2025-10-29,0.07123569499807125,0.10396278403350537,79.43,80.06,eod,945,-0.007869098176367717,-0.009269098176367717,OOS
CDE,2025-10-29,0.03938734340681371,0.09450805105586356,18.29945048109589,18.229529,eod,945,0.003835616438356171,0.0024356164383561706,OOS
EQX,2025-10-29,0.038961025654400405,0.05884705163481367,10.760677711732356,10.865247,eod,945,-0.009624197983501337,-0.011024197983501337,OOS
EXK,2025-10-29,0.03101736972704705,0.09658720311946113,8.0399,8.08,eod,945,-0.0049628712871288005,-0.006362871287128801,OOS
HL,2025-10-29,0.03529411487651024,0.08018710588237828,12.769010015961694,12.519225,eod,945,0.01995211492418214,0.018552114924182142,OOS
HMY,2025-10-29,0.03915662299072986,0.07137256486282058,16.483968710403918,16.024991,eod,945,0.028641370869033178,0.02724137086903318,OOS
BMNR,2025-10-31,0.05005611075036165,0.0839743440466279,45.886624163567,46.636304,eod,945,-0.01607502679528383,-0.01747502679528383,OOS
GLXY,2025-10-31,0.03252270729563422,0.10493658699928843,34.71,35.01,eod,945,-0.00856898029134523,-0.00996898029134523,OOS
IREN,2025-10-31,0.06149089659910678,0.11566631496294842,60.95,60.75,eod,945,0.003292181069958877,0.0018921810699588772,OOS
LUNR,2025-10-31,0.03254177660510127,0.10619927126523432,11.62,11.93,eod,945,-0.025984911986588477,-0.027384911986588475,OOS
MARA,2025-10-31,0.03012387387387383,0.09525740025740026,17.87,18.27,eod,945,-0.021893814997263172,-0.02329381499726317,OOS
BTDR,2025-11-03,0.09459459459459474,0.11358108108108107,23.15,22.85,eod,945,0.013129102844638751,0.011729102844638751,OOS
CLSK,2025-11-03,0.05870786516853932,0.11730176565008023,17.84,17.42,eod,945,0.02411021814006875,0.022710218140068753,OOS
GLXY,2025-11-03,0.04841473864610113,0.10065654710898927,35.2,34.88,eod,945,0.00917431192660545,0.007774311926605449,OOS
HIMS,2025-11-03,0.03167619885613715,0.08604974545911635,45.81,44.39,eod,945,0.03198918675377338,0.03058918675377338,OOS
BMNR,2025-11-05,0.045362380212234266,0.0916660602387773,40.28816783437952,42.3025762260985,stop,705,-0.04761904761904767,-0.04901904761904767,OOS
FSM,2025-11-05,0.030612244897959107,0.05439231049562682,7.9,7.88,eod,945,0.002538071065989911,0.0011380710659899108,OOS
GLXY,2025-11-05,0.03240295155598316,0.1101924927815207,30.9,31.44,eod,945,-0.01717557251908408,-0.01857557251908408,OOS
HMY,2025-11-05,0.04739963540704162,0.06363914382267676,15.524822626097867,15.632702,eod,945,-0.006900878293600976,-0.008300878293600976,OOS
HUT,2025-11-05,0.040116399916857226,0.1122735101107581,48.5212,47.0,eod,945,0.03236595744680848,0.03096595744680848,OOS
IONQ,2025-11-05,0.030348445110528255,0.10515374939784831,53.37,56.0385,stop,870,-0.04761904761904767,-0.04901904761904767,OOS
RGTI,2025-11-05,0.031267765776009204,0.14524059936652323,35.44,37.211999999999996,stop,855,-0.04761904761904756,-0.04901904761904756,OOS
SMR,2025-11-05,0.07269155206286837,0.1339759833206367,37.55,37.91,eod,945,-0.009496175151675001,-0.010896175151675002,OOS
GLXY,2025-11-06,0.04230279898218825,0.10529330243547799,31.36,30.38,eod,945,0.032258064516129004,0.030858064516129005,OOS
ACHR,2025-11-10,0.0354523227383865,0.08928309465595537,8.29,8.45,eod,945,-0.018934911242603603,-0.0203349112426036,OOS
AG,2025-11-10,0.05170898158666226,0.06735880624873472,11.841401093434342,11.851377,eod,945,-0.0008417508417508657,-0.002241750841750866,OOS
ASTS,2025-11-10,0.030640265934383626,0.08672516672516674,70.1,68.7,eod,945,0.020378457059679667,0.018978457059679668,OOS
BMNR,2025-11-10,0.07904550548125155,0.0898048681713003,42.52750988383961,41.137918,eod,945,0.03377885783718115,0.032378857837181155,OOS
BTDR,2025-11-10,0.045020463847203374,0.08651172610927046,21.94,17.65,eod,945,0.24305949008498606,0.24165949008498605,OOS
CLSK,2025-11-10,0.05651894669235702,0.10594549958711806,16.25,15.03,eod,945,0.08117099135063222,0.07977099135063222,OOS
COIN,2025-11-10,0.04489875137478161,0.06758722354180724,319.18,317.93,eod,945,0.003931683074890779,0.002531683074890779,OOS
CRCL,2025-11-10,0.04518130696141154,0.08121014432532757,107.0,104.1,eod,945,0.02785782901056688,0.026457829010566883,OOS
CRWV,2025-11-10,0.06047495433131411,0.07852946832035382,108.19,105.61,eod,945,0.024429504781744216,0.023029504781744217,OOS
HIMS,2025-11-10,0.03570558128198864,0.0722922252010724,41.52,41.05,eod,945,0.011449451887941775,0.010049451887941775,OOS
MARA,2025-11-10,0.04347826086956519,0.07491133315329913,16.38,15.58,eod,945,0.051347881899871606,0.04994788189987161,OOS
MSTR,2025-11-10,0.03203405943868054,0.06458400009447833,246.3501,238.88,eod,945,0.031271349631614154,0.029871349631614155,OOS
OKLO,2025-11-10,0.038526409232134906,0.13602739204869702,113.14,111.52,eod,945,0.014526542324246883,0.013126542324246883,OOS
ONDS,2025-11-10,0.09638554216867479,0.12774157855913448,6.03,5.88,eod,945,0.025510204081632626,0.024110204081632627,OOS
RKLB,2025-11-10,0.04066615027110765,0.08061732322673461,52.97,51.9,eod,945,0.02061657032755293,0.01921657032755293,OOS
SBET,2025-11-10,0.03929765886287617,0.08124581939799323,12.2306,11.95,eod,945,0.023481171548117352,0.022081171548117354,OOS
SMR,2025-11-10,0.056690837178642095,0.14817544024861096,29.5301,28.43,eod,945,0.038695040450228646,0.03729504045022865,OOS
SOUN,2025-11-10,0.058345120226308333,0.08771570014144273,14.56,14.41,eod,945,0.010409437890353868,0.009009437890353867,OOS
TEM,2025-11-10,0.0598099496925657,0.07677962548910003,74.2,71.78,eod,945,0.033714126497631725,0.032314126497631726,OOS
NBIS,2025-11-11,0.038017280582082646,0.09332150977717142,105.83,111.1215,stop,690,-0.04761904761904756,-0.04901904761904756,OOS
RKLB,2025-11-11,0.07899807321772645,0.08098417285989548,53.57,51.24,eod,945,0.04547228727556596,0.04407228727556596,OOS
BMNR,2025-11-12,0.03713060384286604,0.08707104534629141,40.42312863482869,40.558089,eod,945,-0.0033275819571111365,-0.004727581957111137,OOS
BTDR,2025-11-12,0.03262316910785623,0.14011556020544036,14.72,13.94,eod,945,0.05595408895265441,0.054554088952654414,OOS
CRWV,2025-11-12,0.03823961986650071,0.09765156045447936,90.115,85.43,eod,945,0.05484022006320943,0.053440220063209434,OOS
ONDS,2025-11-12,0.03189655172413808,0.12222906403940886,5.81,5.51,eod,945,0.05444646098003636,0.05304646098003636,OOS
SBET,2025-11-12,0.03114186851211076,0.07676594167078589,11.8,11.57,eod,945,0.01987899740708743,0.01847899740708743,OOS
AEHR,2025-11-20,0.06495468277945626,0.08324126025032368,20.6,19.4,eod,945,0.06185567010309301,0.06045567010309301,OOS
AFRM,2025-11-20,0.035195103289977325,0.07062400262323754,67.22,62.54,eod,945,0.07483210745123126,0.07343210745123126,OOS
ALAB,2025-11-20,0.08781071755510172,0.10258160894102028,150.64,139.29,eod,945,0.08148467226649436,0.08008467226649436,OOS
AMKR,2025-11-20,0.06538341103109846,0.06499204648232694,32.5444601222259,29.982217,eod,945,0.08545876117919837,0.08405876117919837,OOS
ASST,2025-11-20,0.06190476190476191,0.18295911564625847,21.6,19.656,eod,945,0.098901098901099,0.097501098901099,OOS
ASTS,2025-11-20,0.0580934321668678,0.09737175856379442,60.33,50.7,eod,945,0.1899408284023667,0.1885408284023667,OOS
BE,2025-11-20,0.03828146516111253,0.13705105506813023,112.85,118.49249999999999,stop,615,-0.04761904761904756,-0.04901904761904756,OOS
BMNR,2025-11-20,0.03632625795242905,0.12158694530266748,29.581312912759415,26.012361,eod,945,0.1372021521906226,0.13580215219062258,OOS
CIEN,2025-11-20,0.049422608327153394,0.054398354849938706,196.58,176.45,eod,945,0.11408330971946734,0.11268330971946734,OOS
CLSK,2025-11-20,0.05185909980430514,0.12981828347777466,10.6405,11.172525,stop,600,-0.04761904761904767,-0.04901904761904767,OOS
CORZ,2025-11-20,0.05100714749837554,0.11261811937250532,15.89,15.16,eod,945,0.04815303430079165,0.046753034300791654,OOS
CRDO,2025-11-20,0.08457851705666752,0.1026538523500745,148.75,134.73,eod,945,0.10405997179544291,0.10265997179544291,OOS
CRWV,2025-11-20,0.102776294714362,0.11159884829532458,79.8,69.21,eod,945,0.15301257043779803,0.15161257043779802,OOS
HUT,2025-11-20,0.07019179541822052,0.13565092472790924,38.92,40.86600000000001,stop,630,-0.04761904761904778,-0.04901904761904778,OOS
LRCX,2025-11-20,0.0313172082805786,0.04860210225627218,151.75623566191274,139.095816,eod,945,0.09101941399813729,0.08961941399813729,OOS
MARA,2025-11-20,0.03423423423423433,0.10195431145431147,11.43,10.24,eod,945,0.1162109375,0.1148109375,OOS
MSTR,2025-11-20,0.03184986595174255,0.08958288012255843,187.72,177.13,eod,945,0.05978659741432857,0.05838659741432857,OOS
NVTS,2025-11-20,0.09974093264248718,0.14762213175425612,8.2214,7.55,eod,945,0.08892715231788073,0.08752715231788073,OOS
RIOT,2025-11-20,0.05468164794007491,0.11449598715890849,13.81,12.78,eod,945,0.08059467918622865,0.07919467918622865,OOS
RKLB,2025-11-20,0.056396148555708514,0.09771910001965028,45.34,39.48,eod,945,0.1484295845997976,0.1470295845997976,OOS
SMR,2025-11-20,0.07051585423568385,0.16007741193969308,21.78,18.7,eod,945,0.16470588235294126,0.16330588235294125,OOS
TEM,2025-11-20,0.032421479229989725,0.06901391559663375,70.14,65.69,eod,945,0.06774242654894214,0.06634242654894214,OOS
UUUU,2025-11-20,0.032278889606197625,0.10324218389744536,15.61,13.21,eod,945,0.181680545041635,0.180280545041635,OOS
VRT,2025-11-20,0.03674186809455948,0.06731007613542499,176.62641881392142,159.480357,eod,945,0.10751206064782903,0.10611206064782903,OOS
ASTS,2025-11-21,0.045463510848126276,0.12134333615102845,51.3701,51.37,eod,945,1.9466614755714318e-06,-0.0013980533385244286,OOS
IONQ,2025-11-21,0.03804878048780491,0.12431149825783971,41.51,41.71,eod,945,-0.004795013186286279,-0.006195013186286279,OOS
ONDS,2025-11-21,0.046251993620414655,0.171451355661882,6.25,6.5625,stop,870,-0.04761904761904767,-0.04901904761904767,OOS
SNDK,2025-11-21,0.04802000408246587,0.15815687603884174,196.2,200.27,eod,945,-0.020322564537873955,-0.021722564537873953,OOS
ASTS,2025-11-24,0.03173058205178125,0.11286395617230736,52.01,54.6105,stop,930,-0.04761904761904767,-0.04901904761904767,OOS
BMNR,2025-11-24,0.036153846094657105,0.13614010469733415,26.680764192713827,28.01480240234952,stop,600,-0.04761904761904767,-0.04901904761904767,OOS
XPEV,2025-11-24,0.03290766208251483,0.09058026943586868,20.85,20.93,eod,945,-0.00382226469182978,-0.00522226469182978,OOS
BILI,2025-11-25,0.03449583017437452,0.04162839813711687,27.08,27.18,eod,945,-0.003679175864606421,-0.005079175864606421,OOS
BE,2025-11-26,0.05907307243610127,0.1593908610214687,94.02,98.721,stop,825,-0.04761904761904767,-0.04901904761904767,OOS
IREN,2025-11-26,0.04013060880556152,0.13695868067049866,47.82,48.45,eod,945,-0.013003095975232304,-0.014403095975232304,OOS
COIN,2025-12-02,0.030172413793103647,0.06828081016889515,264.8301,263.26,eod,945,0.005964065942414498,0.004564065942414498,OOS
CRCL,2025-12-02,0.03239399525941544,0.08210448098122579,77.33,77.44,eod,945,-0.0014204545454545858,-0.002820454545454586,OOS
ALAB,2025-12-03,0.05163005456835035,0.10430560275040479,145.7,152.98499999999999,stop,945,-0.04761904761904756,-0.04901904761904756,OOS
BILI,2025-12-04,0.03094010313367712,0.04222870742902478,25.8,25.7,eod,945,0.0038910505836575737,0.0024910505836575735,OOS
GLXY,2025-12-08,0.043904351234809846,0.07536708293666348,25.6854,26.09,eod,945,-0.01550785741663463,-0.016907857416634628,OOS
SMR,2025-12-08,0.04488078541374474,0.09398851265611437,21.65,21.56,eod,945,0.004174397031539989,0.002774397031539989,OOS
SNDK,2025-12-08,0.03147021490786539,0.11700926661205908,227.12,225.47,eod,945,0.007318046746795703,0.005918046746795703,OOS
SNDK,2025-12-15,0.04008633233097281,0.11001087815085292,207.71,201.87,eod,945,0.028929509090008354,0.027529509090008356,OOS
CIFR,2025-12-17,0.044696464309539774,0.12284237110454588,15.1,15.855,stop,600,-0.04761904761904767,-0.04901904761904767,OOS
NBIS,2025-12-17,0.03878937615812239,0.08544330715609282,78.68,75.45,eod,945,0.0428098078197483,0.041409807819748304,OOS
SNDK,2025-12-17,0.03191438536142566,0.10143126736146658,212.31,206.83,eod,945,0.0264951892858869,0.0250951892858869,OOS
WULF,2025-12-17,0.033102386451116184,0.10126195974925768,12.88,11.57,eod,945,0.11322385479688846,0.11182385479688846,OOS
AMKR,2025-12-18,0.04900952131346625,0.060769887409030963,39.4780819908397,39.109872,eod,945,0.009414758269720158,0.008014758269720158,OOS
BE,2025-12-18,0.0771729245160453,0.13531858423504517,81.42,80.21,eod,945,0.015085400822840045,0.013685400822840045,OOS
BMNR,2025-12-18,0.06377899045020463,0.11404811927499513,30.5301,28.43,eod,945,0.07386915230390434,0.07246915230390434,OOS
BTDR,2025-12-18,0.06762295081967218,0.09005269320843094,10.15,10.01,eod,945,0.013986013986013957,0.012586013986013956,OOS
CLSK,2025-12-18,0.0378919860627176,0.11920918367346937,11.75,11.2,eod,945,0.049107142857143016,0.04770714285714302,OOS
COIN,2025-12-18,0.03646750481182681,0.056749691399554214,247.92,239.2,eod,945,0.03645484949832767,0.03505484949832767,OOS
CRCL,2025-12-18,0.04469696969696968,0.0870094696969697,81.39,80.99,eod,945,0.004938881343375723,0.0035388813433757226,OOS
CRDO,2025-12-18,0.0508461939909044,0.10308432118094388,139.21,138.57,eod,945,0.004618604315508534,0.003218604315508534,OOS
CRWV,2025-12-18,0.04484895429899294,0.10652329312825054,66.9301,67.68,eod,945,-0.011080082742316977,-0.012480082742316977,OOS
MSTR,2025-12-18,0.04632747225339817,0.07806989649582242,163.77,158.24,eod,945,0.03494691607684541,0.033546916076845415,OOS
OKLO,2025-12-18,0.06011324730050038,0.12099655743255955,78.4001,77.72,eod,945,0.008750643335048824,0.007350643335048824,OOS
RGTI,2025-12-18,0.050289274588340094,0.10079471040752751,23.14,22.82,eod,945,0.014022787028922012,0.012622787028922012,OOS
RIOT,2025-12-18,0.039737654320987525,0.08416060405643735,13.2601,13.38,eod,945,-0.00896113602391635,-0.01036113602391635,OOS
SMR,2025-12-18,0.0476795931341385,0.12026564344746164,16.35,15.79,eod,945,0.03546548448385067,0.034065484483850675,OOS
VRT,2025-12-18,0.044049921650916035,0.06546938869045293,155.29126987913727,154.321699,eod,945,0.00628279033616197,0.0048827903361619695,OOS
WULF,2025-12-18,0.056179775280899014,0.11999999999999997,11.82,11.79,eod,945,0.0025445292620867033,0.0011445292620867033,OOS
AMKR,2025-12-22,0.03478584274469321,0.058160692541943594,40.602715137690616,40.592664,eod,945,0.0002476097082619866,-0.0011523902917380134,OOS
ASST,2025-12-22,0.04396215915414592,0.10019874393830988,18.0,17.316,eod,945,0.03950103950103956,0.03810103950103956,OOS
BE,2025-12-22,0.057194325602341944,0.11595803712162638,91.61,92.26,eod,945,-0.007045306741816693,-0.008445306741816693,OOS
BMNR,2025-12-22,0.042091836734693855,0.10374169323979592,31.77,31.09,eod,945,0.021871984560952074,0.020471984560952075,OOS
CLSK,2025-12-22,0.04031587697423111,0.1066482603016269,12.185,12.1,eod,945,0.007024793388429762,0.005624793388429762,OOS
CRDO,2025-12-22,0.037234396856058005,0.08979551055751685,151.81,149.94,eod,945,0.012471655328798237,0.011071655328798237,OOS
NVTS,2025-12-22,0.03201024327784907,0.08811871227364187,7.91,7.9,eod,945,0.0012658227848101333,-0.00013417721518986666,OOS
OKLO,2025-12-22,0.030637991108975138,0.11119676970872454,81.1,83.44,eod,945,-0.028044103547459343,-0.02944410354745934,OOS
RIOT,2025-12-22,0.036206896551724155,0.07076403940886698,14.58,14.4,eod,945,0.012499999999999956,0.011099999999999955,OOS
VRT,2025-12-22,0.03948192022403707,0.06123402220668297,163.60758895254136,166.176452,eod,945,-0.015458646616541394,-0.016858646616541392,OOS
APLD,2025-12-30,0.043127771060056386,0.10285512754073822,25.165,24.08,eod,945,0.04505813953488369,0.04365813953488369,OOS
HMY,2025-12-30,0.03609019720326656,0.0466706044254283,19.820383455361597,19.663468,eod,945,0.007980049875311757,0.006580049875311756,OOS
WULF,2025-12-31,0.05919282511210766,0.1007969250480461,11.63,11.49,eod,945,0.012184508268059169,0.010784508268059169,OOS
QBTS,2026-01-02,0.030401529636711278,0.10268314668123463,25.47,26.7435,stop,630,-0.04761904761904767,-0.04901904761904767,OOS
SOUN,2026-01-02,0.032096288866599654,0.056932941682189424,10.144,10.6,eod,945,-0.04301886792452825,-0.044418867924528246,OOS
RIOT,2026-01-05,0.04166666666666674,0.0658388821630347,14.53,14.79,eod,945,-0.017579445571331953,-0.01897944557133195,OOS
EQX,2026-01-12,0.03389830388284132,0.04718473139489008,14.473783872423825,14.380767,eod,945,0.0064681440443215,0.0050681440443215,OOS
LITE,2026-01-21,0.04699716952050004,0.09357581241167265,357.68,375.564,stop,630,-0.04761904761904767,-0.04901904761904767,OOS
LITE,2026-01-22,0.03704061361880595,0.0953220237438315,371.18,354.49,eod,945,0.047081723038731704,0.045681723038731706,OOS
AFRM,2026-01-27,0.033765099694367695,0.05712705574152237,68.75,68.79,eod,945,-0.000581479866259671,-0.001981479866259671,OOS
CIEN,2026-01-27,0.03302760194634646,0.074651269369652,236.54,247.52,eod,945,-0.044360051712992954,-0.04576005171299295,OOS
QBTS,2026-01-27,0.04168421052631577,0.0967563909774436,23.955,24.69,eod,945,-0.029769137302551707,-0.031169137302551705,OOS
ONDS,2026-02-02,0.043436293436293516,0.14733866519580804,10.5,11.025,stop,855,-0.04761904761904767,-0.04901904761904767,OOS
AFRM,2026-02-03,0.03774802387481846,0.059304035213052844,60.66,61.66,eod,945,-0.016217969510217367,-0.017617969510217366,OOS
AG,2026-02-03,0.08774512435538129,0.09699720153985436,21.23776731034483,21.996259,eod,945,-0.0344827586206895,-0.0358827586206895,OOS
CDE,2026-02-03,0.08218505137184628,0.09689749783941069,20.936489505174038,21.236153,eod,945,-0.01411100658513642,-0.015511006585136421,OOS
EQX,2026-02-03,0.06289751401437815,0.0754669289953178,14.535130556585045,15.048018,eod,945,-0.03408338848444725,-0.03548338848444725,OOS
EXK,2026-02-03,0.09276437847866426,0.09646567717996288,11.11,11.61,eod,945,-0.04306632213608963,-0.04446632213608963,OOS
FSM,2026-02-03,0.060204081632653006,0.07094478134110786,10.01,10.26,eod,945,-0.024366471734892814,-0.025766471734892812,OOS
HMY,2026-02-03,0.05401527614387813,0.06944924270457582,20.899177,20.899177,eod,945,0.0,-0.0014,OOS
JOBY,2026-02-03,0.03929924242424243,0.09655573593073592,10.59,10.73,eod,945,-0.013047530288909703,-0.014447530288909704,OOS
LUNR,2026-02-03,0.04652466367713015,0.12647221332479183,18.25,19.1625,stop,930,-0.04761904761904767,-0.04901904761904767,OOS
NVTS,2026-02-03,0.03480278422273786,0.12056181637388134,8.65,9.05,eod,945,-0.04419889502762431,-0.045598895027624306,OOS
ONDS,2026-02-03,0.03477443609022557,0.13406283566058,10.68,11.214,stop,930,-0.04761904761904767,-0.04901904761904767,OOS
RKLB,2026-02-03,0.060013486176668795,0.10075204700895866,76.35,80.1675,stop,930,-0.04761904761904778,-0.04901904761904778,OOS
SMR,2026-02-03,0.03587378640776695,0.09927011095700418,16.7322,17.56881,stop,930,-0.04761904761904767,-0.04901904761904767,OOS
UUUU,2026-02-03,0.07805806758686318,0.1331104236078058,22.2,23.31,stop,600,-0.04761904761904756,-0.04901904761904756,OOS
CDE,2026-02-04,0.03621823594885565,0.09395712719584516,21.366107008313254,20.726725,eod,945,0.030848192771084415,0.029448192771084417,OOS
EQX,2026-02-04,0.033752484878739386,0.07237401629902356,15.087854183070867,15.177485,eod,945,-0.0059055118110236116,-0.007305511811023612,OOS
HIMS,2026-02-04,0.06499608457321848,0.06822910840138717,25.85,24.4,eod,945,0.05942622950819687,0.05802622950819687,OOS
HMY,2026-02-04,0.03237916976347921,0.06946870614638488,21.27185114420358,20.810912,eod,945,0.022148916116870865,0.020748916116870866,OOS
UUUU,2026-02-06,0.04849412965798883,0.15996937212863707,20.12,21.126,stop,825,-0.04761904761904767,-0.04901904761904767,OOS
ASTS,2026-02-11,0.046639659291575875,0.12330387748742379,97.01,96.92,eod,945,0.0009286009079654267,-0.00047139909203457327,OOS
BILI,2026-02-11,0.03908268733850129,0.045744047619047594,31.6445,31.84,eod,945,-0.006140075376884435,-0.007540075376884435,OOS
EXK,2026-02-11,0.047775947281713416,0.09066015533066606,12.13,12.37,eod,945,-0.019401778496362043,-0.02080177849636204,OOS
HL,2026-02-11,0.046997397446630895,0.10572639804608334,22.766891580683833,23.676264,eod,945,-0.03840861122836636,-0.03980861122836636,OOS
NVTS,2026-02-11,0.03185437997724705,0.10879245896310741,8.88,8.76,eod,945,0.013698630136986356,0.012298630136986356,OOS
SMR,2026-02-12,0.061014771997430994,0.11504266446462977,15.79,13.99,eod,945,0.12866333095067906,0.12726333095067904,OOS
BTDR,2026-02-13,0.03760848601735778,0.12186113789778208,10.2101,10.08,eod,945,0.01290674603174602,0.011506746031746019,OOS
BTDR,2026-02-25,0.051312649164677815,0.13737299693146948,8.6333,8.55,eod,945,0.009742690058479386,0.008342690058479386,OOS
CLSK,2026-02-25,0.0531400966183575,0.09461697722567287,10.525,10.45,eod,945,0.0071770334928231705,0.00577703349282317,OOS
JOBY,2026-02-25,0.04938271604938249,0.06774838330393884,9.81,9.82,eod,945,-0.0010183299389001643,-0.0024183299389001645,OOS
JOBY,2026-02-26,0.08044806517311609,0.06385801571137618,10.37,10.23,eod,945,0.013685239491691092,0.012285239491691092,OOS
BMNR,2026-03-04,0.07307102708226876,0.07485655887291046,20.67,21.703500000000002,stop,645,-0.04761904761904767,-0.04901904761904767,OOS
CIFR,2026-03-04,0.042148198504418755,0.1058070311741284,15.12,15.876,stop,600,-0.04761904761904767,-0.04901904761904767,OOS
CLSK,2026-03-04,0.04752275025278041,0.0793131590351004,10.195,10.70475,stop,915,-0.04761904761904767,-0.04901904761904767,OOS
EXK,2026-03-04,0.030277544154751812,0.08110056470022824,12.1,12.42,eod,945,-0.025764895330112725,-0.027164895330112723,OOS
ONDS,2026-03-04,0.03393213572854292,0.10837111491303109,10.08,10.584000000000001,stop,930,-0.04761904761904778,-0.04901904761904778,OOS
SNDK,2026-03-04,0.03790169965158041,0.09313529752114143,576.5,605.325,stop,645,-0.04761904761904767,-0.04901904761904767,OOS
AG,2026-03-10,0.030221896950253457,0.0820880879367753,26.65412336452096,26.674089,eod,945,-0.000748502994011857,-0.0021485029940118573,OOS
EXK,2026-03-10,0.04706927175843689,0.0807117482872367,11.6101,11.55,eod,945,0.005203463203462988,0.0038034632034629878,OOS
FSM,2026-03-10,0.03095442820292349,0.07240265323670311,11.79,11.74,eod,945,0.004258943781942026,0.002858943781942026,OOS
HL,2026-03-10,0.032258076763128196,0.08235598724572224,21.551463180372554,22.629036339391185,stop,810,-0.04761904761904778,-0.04901904761904778,OOS
LITE,2026-03-13,0.030385170997743627,0.11171722359673797,628.52,622.5,eod,945,0.009670682730923641,0.00827068273092364,OOS
BE,2026-03-16,0.03164843699436948,0.1015255138363675,155.81,153.68,eod,945,0.013859968766267494,0.012459968766267494,OOS
CLSK,2026-03-16,0.049180327868852514,0.08211211943793914,10.1111,10.02,eod,945,0.009091816367265526,0.007691816367265526,OOS
CRWV,2026-03-16,0.05868573542103328,0.08508145904151329,84.04,85.86,eod,945,-0.02119729792685765,-0.02259729792685765,OOS
RIOT,2026-03-16,0.042022792022792244,0.08826566951566951,14.4101,14.4,eod,945,0.0007013888888889319,-0.0006986111111110681,OOS
HMY,2026-03-17,0.042156901947612235,0.07893044127649297,15.524823135475742,15.564052,eod,945,-0.002520478890989164,-0.003920478890989164,OOS
OKLO,2026-03-17,0.08828949572792766,0.07138154273269033,63.1,60.53,eod,945,0.04245828514786054,0.04105828514786054,OOS
BE,2026-03-23,0.03910205169197978,0.09882279890373413,147.58,154.95900000000003,stop,600,-0.04761904761904778,-0.04901904761904778,OOS
NVTS,2026-03-23,0.03771428571428581,0.1094187755102041,8.91,9.18,eod,945,-0.02941176470588236,-0.030811764705882358,OOS
ACHR,2026-03-25,0.04174228675136127,0.06047446201711176,5.7,5.56,eod,945,0.02517985611510798,0.02377985611510798,OOS
AG,2026-03-25,0.055721412672042,0.08720681536622901,20.634485000962464,20.744296,eod,945,-0.005293551491818982,-0.006693551491818982,OOS
CDE,2026-03-25,0.048607279973571726,0.08083833817997016,18.54917016423767,17.819989,eod,945,0.0409192825112108,0.0395192825112108,OOS
EQX,2026-03-25,0.06120828547359536,0.07624891303124419,13.108309442307693,12.958785,eod,945,0.011538461538461497,0.010138461538461497,OOS
EXK,2026-03-25,0.055741360089186065,0.08825688803949674,9.375,9.18,eod,945,0.0212418300653594,0.019841830065359403,OOS
FSM,2026-03-25,0.053203040173724014,0.07390103924305878,9.49,9.52,eod,945,-0.0031512605042015585,-0.004551260504201559,OOS
HL,2026-03-25,0.05354155856474119,0.07660194499774034,18.41270624183007,18.35273,eod,945,0.0032679738562093608,0.0018679738562093608,OOS
HMY,2026-03-25,0.07792212951546929,0.08177128887142958,14.301862812164948,14.269499,eod,945,0.0022680412371134384,0.0008680412371134384,OOS
IREN,2026-03-25,0.030885214007782213,0.07707875903279598,41.6,41.43,eod,945,0.004103306782524685,0.0027033067825246847,OOS
JOBY,2026-03-25,0.030033370411568283,0.06269903066899728,9.25,8.97,eod,945,0.03121516164994409,0.02981516164994409,OOS
MARA,2026-03-25,0.040000000000000036,0.08711601731601729,8.495,8.28,eod,945,0.02596618357487923,0.024566183574879233,OOS
MP,2026-03-25,0.03021204728842175,0.06679047261614346,54.03,53.74,eod,945,0.005396352809825089,0.003996352809825089,OOS
AAOI,2026-03-27,0.038801067542599155,0.14937164559931956,98.64,98.21,eod,945,0.004378372874452863,0.0029783728744528625,OOS
AEHR,2026-03-30,0.03905289052890515,0.12253580214373573,31.56,30.115,eod,945,0.047982732857380084,0.046582732857380085,OOS
BMNR,2026-03-30,0.04295812941816202,0.07692923172531656,18.59,18.3,eod,945,0.015846994535519077,0.014446994535519076,OOS
LUNR,2026-03-30,0.031392694063927085,0.12108610567514677,17.05,16.35,eod,945,0.042813455657492394,0.041413455657492396,OOS
NVTS,2026-03-30,0.036231884057971175,0.1094185645272602,8.17,7.83,eod,945,0.04342273307790556,0.042022733077905564,OOS
SBET,2026-03-30,0.0314569536423841,0.0791769157994322,6.1701,6.01,eod,945,0.026638935108153072,0.025238935108153074,OOS
SNDK,2026-03-30,0.04269035285711964,0.08759486036266964,603.44,572.5,eod,945,0.054043668122270905,0.052643668122270906,OOS
BTDR,2026-03-31,0.048223350253807196,0.10136602610587382,8.13,8.536500000000002,stop,735,-0.04761904761904778,-0.04901904761904778,OOS
CORZ,2026-03-31,0.035945363048166756,0.075736366437301,14.25,14.9625,stop,900,-0.04761904761904767,-0.04901904761904767,OOS
IREN,2026-03-31,0.04269449715370022,0.10068830758109694,32.4306,34.05213,stop,900,-0.04761904761904767,-0.04901904761904767,OOS
NVTS,2026-03-31,0.04469987228607919,0.12008575077540597,7.97,8.368500000000001,stop,750,-0.04761904761904778,-0.04901904761904778,OOS
RKLB,2026-03-31,0.07546183339142565,0.10097209082308421,60.525,63.55125,stop,780,-0.04761904761904767,-0.04901904761904767,OOS
WULF,2026-03-31,0.0350364963503651,0.10382168925964545,13.77,14.4585,stop,855,-0.04761904761904767,-0.04901904761904767,OOS
CRCL,2026-04-01,0.031495650351116344,0.10465988890053456,93.88,90.74,eod,945,0.0346043641172582,0.0332043641172582,OOS
HUT,2026-04-01,0.04028991686207628,0.09015287632853182,47.77,47.36,eod,945,0.008657094594594739,0.007257094594594738,OOS
ACHR,2026-04-08,0.0786516853932584,0.061261369716425894,5.67,5.58,eod,945,0.016129032258064502,0.014729032258064502,OOS
AG,2026-04-08,0.0846660284738534,0.0720225768644804,22.191803948350074,20.874072,eod,945,0.06312769010043051,0.06172769010043051,OOS
ASST,2026-04-08,0.10091743119266039,0.09559787217639347,9.91,10.25,eod,945,-0.0331707317073171,-0.0345707317073171,OOS
BMNR,2026-04-08,0.07734258800198313,0.06520008499185491,21.43,21.52,eod,945,-0.004182156133828996,-0.005582156133828996,OOS
CDE,2026-04-08,0.09210526038470102,0.07714999657962202,20.132392058823534,19.69788,eod,945,0.02205882352941191,0.02065882352941191,OOS
CIFR,2026-04-08,0.08850820842255525,0.08895278882430918,14.805,15.545250000000001,stop,855,-0.04761904761904767,-0.04901904761904767,OOS
CLSK,2026-04-08,0.08774834437086088,0.07880085146641437,9.65,9.88,eod,945,-0.02327935222672073,-0.024679352226720727,OOS
COIN,2026-04-08,0.07255394451421382,0.06213939131994844,183.1,175.09,eod,945,0.04574790107944482,0.04434790107944482,OOS
CRCL,2026-04-08,0.07617934551636218,0.09894731649565904,97.01,94.44,eod,945,0.02721304531977986,0.025813045319779862,OOS
GLXY,2026-04-08,0.09125067096081585,0.07892416225749561,19.47,19.0,eod,945,0.024736842105263168,0.02333684210526317,OOS
HIMS,2026-04-08,0.06666666666666665,0.08053150183150186,20.32,19.39,eod,945,0.047962867457452374,0.046562867457452375,OOS
HOOD,2026-04-08,0.10265613783201699,0.052590606091682854,75.38,71.83,eod,945,0.049422246972017136,0.04802224697201714,OOS
IONQ,2026-04-08,0.0761670761670763,0.07506593792308078,29.93,28.99,eod,945,0.03242497412901013,0.031024974129010133,OOS
IREN,2026-04-08,0.08282036933407944,0.08005036373810855,37.6101,36.83,eod,945,0.02118110236220483,0.01978110236220483,OOS
JOBY,2026-04-08,0.08830548926014292,0.06035969996590522,8.84,8.63,eod,945,0.024333719582850355,0.022933719582850356,OOS
MSTR,2026-04-08,0.08038312318137719,0.058608147429679944,129.1901,128.3,eod,945,0.006937646141854881,0.0055376461418548805,OOS
NVTS,2026-04-08,0.11318553092182015,0.08551258543090515,9.22,9.681000000000001,stop,705,-0.04761904761904767,-0.04901904761904767,OOS
OKLO,2026-04-08,0.08435286542176423,0.0823752797964002,50.135,50.21,eod,945,-0.001493726349332869,-0.002893726349332869,OOS
ONDS,2026-04-08,0.06715634837355733,0.09198695847698997,9.86,9.45,eod,945,0.043386243386243306,0.04198624338624331,OOS
QBTS,2026-04-08,0.10989810771470165,0.07917966313162819,14.72,14.57,eod,945,0.01029512697323276,0.00889512697323276,OOS
RGTI,2026-04-08,0.09385838150289016,0.07561932287365813,14.77,14.53,eod,945,0.01651754989676535,0.015117549896765349,OOS
SBET,2026-04-08,0.08974358974358965,0.06895489926739913,6.5701,6.42,eod,945,0.02338006230529599,0.02198006230529599,OOS
SOUN,2026-04-08,0.10149253731343277,0.06860341151385928,7.09,6.79,eod,945,0.044182621502209196,0.0427826215022092,OOS
TEM,2026-04-08,0.07166506461604194,0.05643795486794529,49.32,47.5,eod,945,0.0383157894736843,0.036915789473684305,OOS
UUUU,2026-04-08,0.08371559633027514,0.07899492136304062,18.71,18.38,eod,945,0.01795429815016325,0.016554298150163252,OOS
XPEV,2026-04-08,0.04587688734030215,0.04830346772855482,17.75,17.8,eod,945,-0.002808988764045006,-0.004208988764045006,OOS
CRCL,2026-04-10,0.03466509988249111,0.10922016115494378,85.55,89.8275,stop,630,-0.04761904761904767,-0.04901904761904767,OOS
NBIS,2026-04-29,0.03383514131798404,0.08778197708129082,134.78,141.519,stop,855,-0.04761904761904767,-0.04901904761904767,OOS
AG,2026-04-30,0.045382567620143144,0.051690533784094016,19.471486233891426,19.676134,eod,945,-0.010400811770674867,-0.011800811770674867,OOS
CDE,2026-04-30,0.03981534740555204,0.05727063298031104,17.63020194490818,17.949843,eod,945,-0.017807456872565464,-0.019207456872565462,OOS
EQX,2026-04-30,0.035714269719699265,0.04796183648990056,13.7363116747851,13.915741,eod,945,-0.012893982808023008,-0.014293982808023008,OOS
EXK,2026-04-30,0.05674157303370775,0.05766292134831462,9.2,9.23,eod,945,-0.003250270855904791,-0.004650270855904791,OOS
FSM,2026-04-30,0.04394426580921751,0.04375057418465776,9.52,9.65,eod,945,-0.013471502590673645,-0.014871502590673645,OOS
HL,2026-04-30,0.037779070154970285,0.04526167995840759,17.88791350055494,18.012864,eod,945,-0.006936736958934486,-0.008336736958934486,OOS
HMY,2026-04-30,0.04448871181938907,0.05140566780497058,15.63,15.77,eod,945,-0.00887761572606205,-0.01027761572606205,OOS
LUNR,2026-05-05,0.05305719921104535,0.0934480135249366,25.735,24.8,eod,945,0.03770161290322571,0.03630161290322571,OOS
EXK,2026-05-06,0.047729918509895164,0.06219108598037582,8.99,9.31,eod,945,-0.03437164339419985,-0.035771643394199845,OOS
CDE,2026-05-07,0.03466667250432609,0.05424761944018639,18.77891225165563,19.71785786423841,stop,630,-0.04761904761904756,-0.04901904761904756,OOS
CRWV,2026-05-13,0.04825986078886313,0.09773331123632746,108.53,111.31,eod,945,-0.024975294223340216,-0.026375294223340215,OOS
APLD,2026-05-20,0.037411250682687136,0.10981762502925801,36.41,38.2305,stop,675,-0.04761904761904767,-0.04901904761904767,OOS
HMY,2026-05-20,0.04031765424557121,0.05174098961514967,16.915,17.43,eod,945,-0.029546758462421163,-0.03094675846242116,OOS
LITE,2026-05-20,0.030244132615802943,0.09793230379592432,894.63,868.07,eod,945,0.030596610872394958,0.02919661087239496,OOS
MP,2026-05-20,0.033042053522665205,0.08803347117110087,53.59,56.26950000000001,stop,870,-0.04761904761904767,-0.04901904761904767,OOS
CRWV,2026-05-21,0.05213270142180093,0.09577098849018281,103.6,107.58,eod,945,-0.036995724112288575,-0.03839572411228857,OOS
OKLO,2026-05-26,0.09092289010321819,0.0959769928007633,70.6301,68.7,eod,945,0.02809461426491988,0.026694614264919883,OOS
VRT,2026-05-26,0.04153178852097206,0.060041138738586984,337.1104196055694,323.843158,eod,945,0.04096817017072629,0.039568170170726294,OOS
LITE,2026-05-28,0.03811328700779115,0.09461665851299125,898.0,860.62,eod,945,0.043433803536985005,0.04203380353698501,OOS
SOUN,2026-05-29,0.04380841121495327,0.06300150200267024,8.655,9.08775,stop,675,-0.04761904761904767,-0.04901904761904767,OOS
BILI,2026-06-02,0.04466230936819171,0.05848350451291626,18.53,18.65,eod,945,-0.006434316353887248,-0.007834316353887249,OOS
VRT,2026-06-02,0.03636476329657268,0.05661176439004477,333.46127308394125,334.420975,eod,945,-0.0028697419952763425,-0.004269741995276343,OOS
AEHR,2026-06-08,0.06653123412899942,0.12431836320104472,97.1,95.58,eod,945,0.015902908558275808,0.014502908558275808,OOS
APLD,2026-06-08,0.040383644623927406,0.11235757553904953,40.355,40.945,eod,945,-0.014409573818537136,-0.015809573818537134,OOS
ASTS,2026-06-08,0.0377136752136753,0.14092032967032966,92.7166,92.06,eod,945,0.0071323050184661785,0.005732305018466178,OOS
BILI,2026-06-08,0.05526918671248571,0.05173048600883651,18.0,17.96,eod,945,0.00222717149220486,0.0008271714922048602,OOS
BMNR,2026-06-08,0.04591194968553447,0.07562893081761007,16.46,16.85,eod,945,-0.02314540059347181,-0.02454540059347181,OOS
OKLO,2026-06-08,0.03460148046135303,0.1044439662592529,58.21,58.94,eod,945,-0.012385476756022973,-0.013785476756022973,OOS
ONDS,2026-06-08,0.038350910834132446,0.12357896178605669,10.365,10.3,eod,945,0.006310679611650327,0.004910679611650327,OOS
UUUU,2026-06-08,0.043912175648702645,0.09163778157969774,15.06,15.21,eod,945,-0.009861932938856066,-0.011261932938856066,OOS
APLD,2026-06-09,0.1193063866161923,0.10291872372346178,44.36,41.91,eod,945,0.05845860176568851,0.05705860176568851,OOS
ASTS,2026-06-09,0.056104714316749904,0.14187331243598894,96.19,88.71,eod,945,0.0843196933829331,0.0829196933829331,OOS
RKLB,2026-06-09,0.04179498460184772,0.10521010621582551,113.75,108.23,eod,945,0.05100249468724005,0.049602494687240054,OOS
NBIS,2026-06-12,0.055840532757379435,0.11064691967499743,223.53,234.7065,stop,600,-0.04761904761904767,-0.04901904761904767,OOS
CIEN,2026-06-15,0.05374680478945226,0.09400405527474007,464.14,463.41,eod,945,0.001575278910683764,0.00017527891068376393,OOS
LUNR,2026-06-15,0.03681442524417733,0.20054094665664912,25.9,25.76,eod,945,0.005434782608695565,0.004034782608695565,OOS
MP,2026-06-15,0.04361424847958317,0.07767742335857016,59.775,58.26,eod,945,0.026004119464469566,0.024604119464469568,OOS
MSTR,2026-06-15,0.07461482616762116,0.08572022032980328,132.0,131.14,eod,945,0.006557877077931984,0.005157877077931984,OOS
AAOI,2026-06-18,0.043683518584916925,0.1557426710375796,167.2,161.85,eod,945,0.03305529811553898,0.03165529811553898,OOS
CIEN,2026-06-18,0.03224033705806928,0.09489208515426688,436.36,428.22,eod,945,0.01900892064826487,0.017608920648264872,OOS
CLSK,2026-06-18,0.03218116805721083,0.08860675974799939,16.8401,17.24,eod,945,-0.02319605568445471,-0.024596055684454707,OOS
COHR,2026-06-18,0.03998944173155605,0.1052156526329682,386.0,389.57,eod,945,-0.009163949996149556,-0.010563949996149557,OOS
IREN,2026-06-18,0.05446566855962831,0.09949922560660816,59.18,59.96,eod,945,-0.013008672448298841,-0.014408672448298842,OOS
ONDS,2026-06-18,0.0317982456140351,0.11493107769423562,9.01,9.27,eod,945,-0.028047464940668787,-0.029447464940668786,OOS
QBTS,2026-06-18,0.03228621291448519,0.11716529543754674,23.06,24.213,stop,660,-0.04761904761904767,-0.04901904761904767,OOS
RUN,2026-06-18,0.04581993569131826,0.07673690858980246,12.47,13.0935,stop,645,-0.04761904761904756,-0.04901904761904756,OOS
BTDR,2026-06-24,0.054556006964596726,0.10187753917585608,17.25,17.52,eod,945,-0.015410958904109595,-0.016810958904109594,OOS
AEHR,2026-06-25,0.07773109243697474,0.14834168667466988,96.01,98.79,eod,945,-0.028140500050612416,-0.029540500050612414,OOS
AG,2026-06-25,0.03673726947483824,0.07895883028681985,16.116944475757574,16.922791699545453,stop,735,-0.04761904761904767,-0.04901904761904767,OOS
APLD,2026-06-25,0.03739876131491182,0.10090876607908529,41.3,40.95,eod,945,0.008547008547008517,0.0071470085470085164,OOS
ASST,2026-06-25,0.033466135458167345,0.10893227091633462,11.89,11.4,eod,945,0.0429824561403509,0.0415824561403509,OOS
CDE,2026-06-25,0.03361344537815114,0.07994736356080896,15.57,15.99,eod,945,-0.026266416510318913,-0.02766641651031891,OOS
CIEN,2026-06-25,0.030010140018554177,0.08583690596904983,472.2012,484.69,eod,945,-0.025766572448369107,-0.027166572448369106,OOS
CLSK,2026-06-25,0.031423290203327126,0.09717674500484115,15.7701,15.87,eod,945,-0.006294896030245689,-0.007694896030245689,OOS
CRWV,2026-06-25,0.04361617763679626,0.08548799139005328,102.335,98.76,eod,945,0.036198865937626445,0.03479886593762645,OOS
EXK,2026-06-25,0.04928664072632949,0.0799555308504725,7.74,8.127,stop,660,-0.04761904761904767,-0.04901904761904767,OOS
FSM,2026-06-25,0.03001200480192079,0.05965872063110958,8.335,8.41,eod,945,-0.008917954815695461,-0.010317954815695462,OOS
GLXY,2026-06-25,0.07592722183345013,0.11541637508747378,28.18,28.26,eod,945,-0.002830856334041121,-0.004230856334041121,OOS
HL,2026-06-25,0.03236916370062759,0.0692458601812117,14.647373636963698,15.147284,eod,945,-0.03300330033003296,-0.03440330033003296,OOS
HMY,2026-06-25,0.03838245373543536,0.06527367081171058,14.88,15.12,eod,945,-0.015873015873015817,-0.017273015873015815,OOS
HUT,2026-06-25,0.03445305770887175,0.09601341208317955,115.85,117.68,eod,945,-0.01555064581917076,-0.01695064581917076,OOS
IREN,2026-06-25,0.03817097415506954,0.11131042317523433,49.26,47.74,eod,945,0.031839128613322165,0.030439128613322167,OOS
LITE,2026-06-25,0.053078228668415495,0.09309050461958965,863.0,861.97,eod,945,0.001194937178788047,-0.00020506282121195304,OOS
MARA,2026-06-25,0.03107142857142864,0.09552551020408162,13.3601,13.88,eod,945,-0.03745677233429401,-0.03885677233429401,OOS
NVTS,2026-06-25,0.06441048034934505,0.1585074859638178,18.015,17.7,eod,945,0.017796610169491522,0.016396610169491524,OOS
ONDS,2026-06-25,0.033203125,0.10392857142857144,7.68,7.675,eod,945,0.0006514657980456473,-0.0007485342019543527,OOS
BTDR,2026-06-29,0.0437317784256559,0.10110329029571016,16.05,15.86,eod,945,0.011979823455233296,0.010579823455233296,OOS
LUNR,2026-06-29,0.05811015664477015,0.12632678842128062,20.56,20.97,eod,945,-0.01955174058178355,-0.02095174058178355,OOS
MSTR,2026-06-29,0.04082128538452201,0.11529696096638142,84.624,88.8552,stop,690,-0.04761904761904767,-0.04901904761904767,OOS
ONDS,2026-06-29,0.03959131545338446,0.08455938697318008,7.96,8.02,eod,945,-0.007481296758104716,-0.008881296758104716,OOS
ONDS,2026-06-30,0.05610972568578565,0.08237798361239759,8.13,8.24,eod,945,-0.013349514563106735,-0.014749514563106735,OOS
RUN,2026-06-30,0.048219584569732854,0.08716564222128022,13.618,13.38,eod,945,0.017787742899850523,0.016387742899850524,OOS
LRCX,2026-07-06,0.039640306195042774,0.088283960331237,355.35,350.2,eod,945,0.014705882352941346,0.013305882352941346,OOS
SNDK,2026-07-06,0.04795415472779374,0.13383994269340976,1753.1001,1744.43,eod,945,0.004970162173317361,0.0035701621733173605,OOS
RKLB,2026-07-08,0.03704591775566479,0.10614066487403022,84.01,83.35,eod,945,0.007918416316736732,0.006518416316736731,OOS
APLD,2026-07-09,0.048027989821882944,0.1087783987640858,31.88,33.474000000000004,stop,720,-0.04761904761904778,-0.04901904761904778,OOS
BE,2026-07-09,0.08568956702976904,0.14710535777486894,268.0,257.02,eod,945,0.04272041086296796,0.04132041086296796,OOS
CORZ,2026-07-09,0.03319148936170224,0.0880984802431611,24.02,23.74,eod,945,0.011794439764111209,0.010394439764111208,OOS
HMY,2026-07-09,0.04158004158004158,0.059677259677259675,14.84,15.02,eod,945,-0.011984021304926706,-0.013384021304926707,OOS
HUT,2026-07-09,0.041372160965036375,0.11075911789652247,107.74,106.22,eod,945,0.014309922801732267,0.012909922801732266,OOS
IREN,2026-07-09,0.03464713405417963,0.10443104622386103,43.65,41.72,eod,945,0.04626078619367213,0.044860786193672134,OOS
NBIS,2026-07-09,0.05868440502586858,0.13233406583254145,218.75,216.2,eod,945,0.011794634597594778,0.010394634597594777,OOS
RKLB,2026-07-09,0.03533293341331745,0.1056343302768018,83.8,82.55,eod,945,0.015142337976983722,0.013742337976983722,OOS
SNDK,2026-07-09,0.0627803703146168,0.13708926855171022,1806.4,1896.7200000000003,stop,780,-0.04761904761904767,-0.04901904761904767,OOS
WULF,2026-07-09,0.04424003504161189,0.11182013015455855,23.17,24.328500000000002,stop,690,-0.04761904761904767,-0.04901904761904767,OOS
ASST,2026-07-10,0.06190476190476191,0.09342176870748296,12.94,12.36,eod,945,0.046925566343042124,0.045525566343042126,OOS
BMNR,2026-07-10,0.03948264125255285,0.07214091218515999,15.23,14.98,eod,945,0.016688918558077415,0.015288918558077414,OOS
COIN,2026-07-10,0.05194395354708403,0.06537522090381215,162.83,159.07,eod,945,0.02363739234299378,0.02223739234299378,OOS
MARA,2026-07-10,0.03177004538577921,0.109066349686622,13.155,12.6,eod,945,0.04404761904761911,0.042647619047619115,OOS
UUUU,2026-07-10,0.04521868050407707,0.07512443079529808,13.79,13.58,eod,945,0.015463917525773141,0.01406391752577314,OOS
AEHR,2026-07-14,0.07777124375183786,0.1453697441928844,71.25,72.01,eod,945,-0.01055408970976257,-0.011954089709762571,OOS
ALAB,2026-07-14,0.08280624223173594,0.13151518140746146,375.72,361.78,eod,945,0.038531704350710516,0.03713170435071052,OOS
AMKR,2026-07-14,0.05676657413213815,0.10289444661755731,68.71926372799145,70.071789,eod,945,-0.019301994301994307,-0.020701994301994306,OOS
CIEN,2026-07-14,0.034662356321839116,0.0737584988197865,457.32,446.93,eod,945,0.023247488421005436,0.021847488421005437,OOS
CIFR,2026-07-14,0.039581777445855115,0.12925744158753869,19.7,19.87,eod,945,-0.008555611474584834,-0.009955611474584835,OOS
COHR,2026-07-14,0.04264940303848541,0.10259054342319905,310.5,310.77,eod,945,-0.0008688097306689402,-0.0022688097306689404,OOS
CRDO,2026-07-14,0.06596166835528527,0.11951786920441937,242.12,236.18,eod,945,0.025150309086290124,0.023750309086290125,OOS
HUT,2026-07-14,0.03972975698295844,0.1132653884383238,99.17,98.33,eod,945,0.008542662463134398,0.007142662463134398,OOS
LRCX,2026-07-14,0.0749878758486906,0.09426573108632397,345.29,346.1,eod,945,-0.0023403640566310724,-0.0037403640566310726,OOS
MARA,2026-07-14,0.03978671041837578,0.11347708894878707,12.01,12.16,eod,945,-0.012335526315789491,-0.013735526315789491,OOS
NVTS,2026-07-14,0.06254856254856267,0.13463425463425466,13.1701,13.09,eod,945,0.0061191749427043085,0.004719174942704308,OOS
RIOT,2026-07-14,0.05002476473501716,0.11042559966036937,20.39,20.19,eod,945,0.00990589400693409,0.00850589400693409,OOS
SNDK,2026-07-14,0.07946976349635904,0.1469886727787407,1762.0001,1757.82,eod,945,0.0023780022983013183,0.0009780022983013183,OOS
VRT,2026-07-14,0.031582044659495656,0.07524905538767637,308.4,303.58,eod,945,0.015877198761446776,0.014477198761446776,OOS
LRCX,2026-07-15,0.03221612250794559,0.08582616502249556,340.41,335.43,eod,945,0.014846614792952462,0.013446614792952461,OOS
AG,2026-07-21,0.034700326213564336,0.06268455395221789,16.246839713100176,16.856346,eod,945,-0.036158861885002946,-0.037558861885002945,OOS
AMKR,2026-07-21,0.07193094126417776,0.0923455208752035,64.89126736490334,66.608126,eod,945,-0.025775513262400684,-0.027175513262400683,OOS
COHR,2026-07-21,0.07659425367904693,0.08985061067173893,302.27,317.38349999999997,stop,750,-0.04761904761904756,-0.04901904761904756,OOS
CRDO,2026-07-21,0.05832979676521899,0.11860127046999308,219.75,223.87,eod,945,-0.018403537767454292,-0.01980353776745429,OOS
EXK,2026-07-21,0.03600000000000003,0.06320857142857143,7.66,8.043000000000001,stop,690,-0.04761904761904767,-0.04901904761904767,OOS
FSM,2026-07-21,0.03362391033623924,0.04348603451343176,8.175,8.47,eod,945,-0.03482880755608031,-0.03622880755608031,OOS
HMY,2026-07-21,0.04396371249127706,0.04419300169474628,14.82,15.33,eod,945,-0.03326810176125239,-0.03466810176125239,OOS
HUT,2026-07-21,0.03695630635093616,0.10792996560558236,104.3305,109.547025,stop,780,-0.04761904761904767,-0.04901904761904767,OOS
IONQ,2026-07-21,0.035630841121495394,0.09036027202937247,34.97,35.51,eod,945,-0.015206983948183539,-0.016606983948183537,OOS
LRCX,2026-07-21,0.0696635806493675,0.09378967736527392,316.31,322.0,eod,945,-0.017670807453416093,-0.01907080745341609,OOS
VRT,2026-07-21,0.03901669695203491,0.07142369801487984,299.0,304.5,eod,945,-0.01806239737274218,-0.019462397372742177,OOS
AMKR,2026-07-24,0.08832083540667712,0.07650062380992742,64.7415416370074,64.841359,eod,945,-0.0015394088669948847,-0.002939408866994885,OOS
APLD,2026-07-27,0.031997057741816715,0.09186304576262279,27.35,26.375,eod,945,0.03696682464454981,0.03556682464454981,OOS
NBIS,2026-07-27,0.04769132449273039,0.11984605025905552,190.75,187.88,eod,945,0.01527570789865873,0.01387570789865873,OOS
BE,2026-07-29,0.09985614960441147,0.15068731376511285,173.4,163.75,eod,945,0.05893129770992367,0.05753129770992367,OOS
AAOI,2026-07-31,0.11086449894573303,0.1439719707658893,97.32,94.32,eod,945,0.03180661577608146,0.03040661577608146,OOS
AEHR,2026-07-31,0.09561597502276564,0.16180230073036106,80.52,79.98,eod,945,0.006751687921980443,0.0053516879219804425,OOS
ALAB,2026-07-31,0.09553204978477758,0.11273072651263451,321.7662,311.23,eod,945,0.033853420300099524,0.032453420300099525,OOS
AMKR,2026-07-31,0.05511811366881236,0.12922947251363975,50.72858139295368,49.778919,eod,945,0.019077601764587948,0.01767760176458795,OOS
APLD,2026-07-31,0.07257776188773701,0.10051100669084223,28.18,27.39,eod,945,0.028842643300474702,0.027442643300474703,OOS
ASTS,2026-07-31,0.037816563997262076,0.09739366383103547,58.61,58.98,eod,945,-0.006273312987453372,-0.007673312987453372,OOS
BE,2026-07-31,0.11420915411355725,0.1317578491419743,215.47,205.81,eod,945,0.04693649482532436,0.04553649482532436,OOS
BTDR,2026-07-31,0.037837837837837895,0.10833268983268984,11.03,10.52,eod,945,0.048479087452471425,0.04707908745247143,OOS
CIEN,2026-07-31,0.05888676861880837,0.0790538646721623,387.77,377.05,eod,945,0.028431242540777113,0.027031242540777115,OOS
COHR,2026-07-31,0.10776519714125099,0.10612548898142725,269.8,262.89,eod,945,0.026284757883525467,0.02488475788352547,OOS
CORZ,2026-07-31,0.05272810637322345,0.09156907054431128,21.67,20.72,eod,945,0.0458494208494209,0.0444494208494209,OOS
CRDO,2026-07-31,0.0736522777004176,0.10386601636875159,207.0,206.99,eod,945,4.83115126335143e-05,-0.0013516884873664857,OOS
CRWV,2026-07-31,0.04242219215155596,0.09399951672143823,74.175,71.77,eod,945,0.033509823045840825,0.03210982304584083,OOS
GLXY,2026-07-31,0.04531133828996281,0.0994078597981943,21.34,21.01,eod,945,0.015706806282722363,0.014306806282722363,OOS
IREN,2026-07-31,0.06677992681651856,0.10915782988574417,37.58,36.8,eod,945,0.02119565217391317,0.019795652173913172,OOS
LITE,2026-07-31,0.07899140268882343,0.10998707930463168,727.3,713.94,eod,945,0.01871305711964566,0.01731305711964566,OOS
LRCX,2026-07-31,0.05928389090420527,0.08798050901134334,304.945,293.02,eod,945,0.04069688075899269,0.039296880758992694,OOS
LUNR,2026-07-31,0.03755102040816327,0.08581224489795922,12.46,12.34,eod,945,0.009724473257698651,0.008324473257698651,OOS
NBIS,2026-07-31,0.06636416706469239,0.1342780191204009,189.2,190.41,eod,945,-0.006354708261120834,-0.007754708261120834,OOS
NVTS,2026-07-31,0.055404178019981876,0.109410925132996,11.03,10.86,eod,945,0.015653775322283625,0.014253775322283625,OOS
SNDK,2026-07-31,0.08103768867777106,0.15108167442732584,1287.0,1214.83,eod,945,0.059407489113703305,0.058007489113703306,OOS
TEM,2026-07-31,0.04402799729058482,0.07199916137148017,42.5,43.87,eod,945,-0.03122863004330967,-0.03262863004330967,OOS
UUUU,2026-07-31,0.040990606319385,0.06270464804196658,11.69,11.44,eod,945,0.021853146853146876,0.020453146853146878,OOS
VRT,2026-07-31,0.08514285714285719,0.08832342229199375,241.5872,241.57,eod,945,7.120089415080244e-05,-0.0013287991058491975,OOS
WULF,2026-07-31,0.04096520763187428,0.10373456790123457,17.945,17.66,eod,945,0.016138165345413347,0.014738165345413346,OOS
CIEN,2026-08-04,0.0724741529327464,0.07959397803547665,410.85,411.13,eod,945,-0.000681049789604149,-0.002081049789604149,OOS
VRT,2026-08-04,0.04622695305075064,0.08171154316126755,268.5816,269.93,eod,945,-0.004995369169784825,-0.006395369169784825,OOS
BTDR,2026-08-07,0.04800380228136891,0.12162751222161874,10.65,10.88,eod,945,-0.021139705882353033,-0.02253970588235303,OOS
CLSK,2026-08-07,0.09568627450980394,0.10741904761904764,12.71,12.3,eod,945,0.03333333333333344,0.03193333333333344,OOS
GLXY,2026-08-07,0.04657113613101327,0.11469037871033777,20.14,20.17,eod,945,-0.0014873574615766882,-0.0028873574615766884,OOS
HUT,2026-08-07,0.03563154991726414,0.13364187219289259,89.675,88.59,eod,945,0.012247431990066504,0.010847431990066504,OOS
NBIS,2026-08-07,0.03941963345270705,0.13852918384543622,187.0,187.97,eod,945,-0.005160397935840777,-0.006560397935840777,OOS
SNDK,2026-08-07,0.04029938502121433,0.1404192990740131,1245.01,1212.21,eod,945,0.027058018000181372,0.025658018000181373,OOS
VRT,2026-08-07,0.03543264163971371,0.07324464357098728,277.5302,272.4,eod,945,0.018833333333333258,0.01743333333333326,OOS
WULF,2026-08-07,0.051376667612829996,0.09719800494708246,17.78,17.08,eod,945,0.040983606557377206,0.03958360655737721,OOS
BTDR,2026-08-11,0.05807935595169633,0.1570968536925984,9.04,8.69,eod,945,0.04027617951668572,0.03887617951668572,OOS
CLSK,2026-08-11,0.05263157894736836,0.11388820411684952,11.78,11.52,eod,945,0.02256944444444442,0.02116944444444442,OOS
GLXY,2026-08-11,0.06557377049180335,0.10646516393442622,20.332,20.13,eod,945,0.010034773969200383,0.008634773969200383,OOS
MARA,2026-08-11,0.05648535564853541,0.1039300657501494,9.65,9.68,eod,945,-0.0030991735537189147,-0.004499173553718915,OOS
AMKR,2026-08-12,0.04972376067760442,0.09880452511589995,55.6075541138622,55.488472,eod,945,0.0021460694369490607,0.0007460694369490607,OOS
BTDR,2026-08-12,0.06789413118527032,0.1580503041262535,9.14,9.02,eod,945,0.01330376940133049,0.01190376940133049,OOS
CIFR,2026-08-12,0.07931435212085991,0.16925666140947954,18.07,17.87,eod,945,0.011191941801902638,0.009791941801902638,OOS
CLSK,2026-08-12,0.05381944444444464,0.1145802331349206,11.91,12.18,eod,945,-0.02216748768472898,-0.02356748768472898,OOS
CORZ,2026-08-12,0.08122469635627505,0.09826850780798149,20.98,20.87,eod,945,0.005270723526593191,0.0038707235265931905,OOS
GLXY,2026-08-12,0.08022851465474434,0.1027432403661912,21.145,21.08,eod,945,0.0030834914611006514,0.0016834914611006514,OOS
HUT,2026-08-12,0.07597431854021175,0.12754754931934478,92.51,90.77,eod,945,0.019169329073482455,0.017769329073482457,OOS
MARA,2026-08-12,0.046487603305785274,0.09997786304604483,9.825,9.64,eod,945,0.019190871369294538,0.01779087136929454,OOS
RIOT,2026-08-12,0.0662055335968379,0.11835297854319594,20.53,20.32,eod,945,0.010334645669291431,0.008934645669291431,OOS
RUN,2026-08-12,0.034895314057826754,0.07107249679532829,10.2,9.84,eod,945,0.03658536585365857,0.03518536585365857,OOS
WULF,2026-08-12,0.08656716417910437,0.10084392324093819,17.41,17.19,eod,945,0.012798138452588592,0.011398138452588592,OOS
BTDR,2026-08-17,0.04874041621029557,0.14308480675950552,9.4,9.39,eod,945,0.0010649627263046302,-0.0003350372736953698,OOS
HUT,2026-08-21,0.04241398759165249,0.09635516880186931,89.05,80.86,eod,945,0.1012861736334405,0.0998861736334405,OOS
AEHR,2026-08-25,0.05610287255003632,0.1463650168145657,96.67,95.59,eod,945,0.011298252955330046,0.009898252955330046,OOS
BE,2026-08-25,0.046686599353004565,0.09656073634237536,210.7701,217.45,eod,945,-0.030719245803632944,-0.03211924580363294,OOS
CIEN,2026-08-25,0.0386611103642962,0.07980661763293838,380.59,387.66,eod,945,-0.018237630913687353,-0.01963763091368735,OOS
NBIS,2026-08-25,0.0334265800578446,0.1106018816421358,215.2444,221.97,eod,945,-0.030299590034689294,-0.03169959003468929,OOS
NVTS,2026-08-25,0.07113654946851988,0.08223396799439318,12.55,12.44,eod,945,0.008842443729903726,0.007442443729903726,OOS
AMKR,2026-08-27,0.08223140345329871,0.06468314675349159,51.15639891766525,51.645504,eod,945,-0.009470429068419106,-0.010870429068419106,OOS
COHR,2026-08-27,0.03160987872405485,0.10497595348904928,299.33,295.39,eod,945,0.013338298520599867,0.011938298520599867,OOS
CRWV,2026-08-27,0.031132825815248122,0.08647239761715389,87.6801,86.8,eod,945,0.010139400921658881,0.00873940092165888,OOS
HUT,2026-08-27,0.05235294117647071,0.09119915966386555,86.79,87.13,eod,945,-0.003902215080913485,-0.005302215080913485,OOS
NBIS,2026-08-27,0.04412658346188003,0.10162823620543435,222.22,218.48,eod,945,0.01711827169534974,0.015718271695349742,OOS
NVTS,2026-08-27,0.04025256511444364,0.07700360807306347,12.6301,12.51,eod,945,0.009600319744204722,0.008200319744204721,OOS
VRT,2026-08-27,0.03483567719191849,0.05010795106868038,269.5,269.28,eod,945,0.0008169934640522847,-0.0005830065359477153,OOS
MP,2026-09-04,0.051878021569356614,0.059984062051745224,56.21,54.53,eod,945,0.030808729139923052,0.029408729139923054,OOS
