symbol,date,open,high,low,close,volume,prev_close,gap,run,dollar_vol,advol20,rvol
AAL,2024-12-05,16.01,17.8,15.96,17.38,110116882.0,14.88,0.07594086021505375,0.196236559139785,1913831409.1599998,22443503.45,4.9064034162634265
ABNB,2025-02-14,158.185,163.93,156.93,161.42,21649318.0,141.04,0.12156125921724348,0.16229438457175283,3494632911.56,4681769.3,4.624174454730181
ABNB,2026-08-07,164.7,178.48,163.45,178.07,15914961.0,151.64,0.08612503297283047,0.1769981535214984,2833977105.27,3645715.65,4.365387355429105
ACI,2025-10-14,17.696201,18.703302,16.976844,18.473108,23622361.0,16.257486,0.08849553983930836,0.15044244848188715,436378425.967988,6963359.25,3.3923800499019205
AEO,2025-08-04,11.105086,13.032174,10.871499,12.925113,63214807.0,10.452991,0.06238357997246902,0.24674114805991887,817058523.748191,12100114.95,5.2243145838874865
AEO,2025-09-04,17.275659,18.346264,16.75009,18.287867,105608391.0,13.256027,0.30323052299154196,0.38399416356046956,1931352208.6919968,12608187.85,8.376175248689684
AEO,2025-12-03,23.41067,23.955235,22.640292,23.523528,33426616.0,20.442015,0.1452232081817766,0.1718627053154984,786311937.421248,6850949.9,4.879121360966309
AES,2025-02-28,10.20258,11.079725,9.925587,10.701168,71508424.0,9.583962,0.0645472091813386,0.15606937924002628,765223658.6392319,14966430.65,4.777921046926442
AES,2025-07-09,11.987749,12.532861,11.748088,12.462372,70177108.0,10.404107,0.15221315966858096,0.20460708449076903,874573225.780176,16775757.55,4.18324524486228
AES,2025-10-01,14.212687,14.774717,14.04122,14.641354,58988466.0,12.536124,0.13373854630027604,0.17857138298887287,863671012.622964,9425868.35,6.2581466035434286
AFRM,2024-11-11,47.99,57.76,47.98,57.585,31223120.0,46.48,0.032487091222031195,0.2426850258175559,1797983365.2,9855371.4,3.168132253240096
AFRM,2025-02-07,69.9,76.88,68.3,75.22,28754862.0,61.75,0.13198380566801626,0.2450202429149797,2162940719.64,5694666.1,5.049437753690247
AFRM,2025-08-29,92.0,100.0,86.76,88.46,43192918.0,79.99,0.1501437679709965,0.25015626953369186,3820845526.2799997,6926199.55,6.2361642468126695
AFRM,2026-08-28,86.0,90.44,77.59,77.76,29084738.0,77.49,0.10982062201574405,0.16711833785004515,2261629226.88,3069846.65,9.4743292796075
AI,2024-11-19,27.46,33.5,27.3,32.96,27941881.0,26.54,0.03466465712132627,0.2622456669178599,920964397.76,2886867.5,9.67896205835564
AI,2025-05-29,26.59,30.24,26.21,27.8,54978090.0,23.02,0.15508253692441354,0.31364031277150306,1528390902.0,4274478.6,12.861940635285904
ALAB,2024-10-09,61.16,63.15,59.45,61.22,12526268.0,52.96,0.154833836858006,0.1924093655589123,766858126.96,3143231.2,3.9851564212012147
ALAB,2024-11-05,86.35,97.3494,84.11,95.91,24756931.0,69.65,0.23977027997128486,0.397694185211773,2374437252.21,4098152.5,6.040997986287723
ALB,2025-04-09,49.669074,60.863485,49.242666,59.275486,9383367.0,49.757296,-0.001773046509601195,0.22320724582782803,556203639.241362,2959771.45,3.170301206871902
ALB,2026-04-16,190.513674,215.160757,188.87785,215.070986,5639568.0,184.907984,0.03031610576642274,0.16360987960368445,1212907450.374048,1854413.9,3.0411592579197126
ALM,2025-10-14,9.495,10.27,8.5101,9.96,8955938.0,8.64,0.09895833333333326,0.18865740740740722,89201142.48,2085218.05,4.294964740018436
ALM,2026-01-26,11.85,12.98,11.54,11.58,11536177.0,11.12,0.06564748201438864,0.16726618705035978,133588929.66,3563343.2,3.237458856054056
AMD,2025-10-06,226.445,226.709,203.01,203.71,248859576.0,164.67,0.37514422784963863,0.3767474342624644,50695184226.96,43692811.2,5.695664095882208
AMKR,2025-07-29,24.266989,26.038519,24.123486,24.821211,9435078.0,21.010937,0.1549693857061205,0.2392840452570013,234190061.83945802,1658180.75,5.69001781018143
AMKR,2025-11-03,33.706407,37.95695,33.581572,37.579565,10475805.0,32.057832,0.0514250308629729,0.18401487661423888,393676194.924825,3335421.7,3.140773773822962
AMPL,2025-02-20,14.6,14.88,13.1059,14.44,4087662.0,11.85,0.23206751054852326,0.2556962025316456,59025839.28,564490.0,7.241336427571791
AMPL,2025-05-08,9.98,10.93,9.67,10.5,3562620.0,9.42,0.05944798301486198,0.16029723991507439,37407510.0,959884.0,3.711510974242721
AMPL,2025-08-07,13.81,14.49,11.92,12.6,4769117.0,12.22,0.13011456628477913,0.185761047463175,60090874.199999996,1180503.35,4.039901284481743
AMPL,2026-07-01,8.24,9.18,8.09,8.55,8560683.0,7.65,0.0771241830065359,0.19999999999999996,73193839.65,2424228.6,3.5313018747489404
AMZN,2026-07-31,265.0,273.23,262.01,271.58,129054771.0,235.5,0.12526539278131632,0.1602123142250531,35048694708.18,41627029.45,3.100263763836744
APLD,2025-01-14,9.53,9.715,8.25,8.54,69563284.0,7.765,0.22730199613650992,0.2511268512556344,594070445.3599999,15965507.45,4.357098214250622
APLD,2025-06-02,8.27,10.54,8.03,10.14,239746469.0,6.83,0.2108345534407028,0.5431918008784771,2431029195.6600003,36179701.65,6.626546324767717
APLD,2025-06-04,10.475,13.47,10.46,13.25,219053333.0,10.25,0.02195121951219514,0.3141463414634147,2902456662.25,52447752.05,4.176600987420204
APLD,2025-07-31,12.57,14.06,12.2,13.14,138168411.0,10.03,0.25324027916251257,0.40179461615154555,1815532920.54,28645303.45,4.823422842811603
APLD,2025-10-10,37.02,39.0697,32.8301,33.99,108222881.0,29.29,0.2639125981563675,0.33389211334926583,3678495725.19,29253504.9,3.6994842624823394
APLD,2026-01-08,31.65,35.5,31.06,31.94,91307437.0,29.56,0.0707036535859269,0.20094722598105563,2916359537.78,27627715.15,3.3049217607848402
APP,2024-11-07,230.0,257.43,228.1,246.53,18592811.0,168.55,0.3645802432512606,0.5273212696529219,4583685695.83,3719287.9,4.999024410022145
APP,2024-11-08,249.09,292.86,243.25,290.01,15031876.0,246.53,0.010384131748671477,0.18792844684216936,4359394358.76,4456608.3,3.372940807923371
APP,2025-02-13,499.34,525.15,449.0,471.67,19398871.0,380.32,0.31294699200673115,0.3808108960875052,9149865484.57,4209226.2,4.608654911441918
APP,2025-08-07,397.25,453.76,385.1,437.34,20738715.0,390.57,0.017103208131705072,0.1617891799165323,9069869618.1,4873249.4,4.255623568126843
ARM,2025-01-22,160.37,182.88,159.95,179.93,27244374.0,155.2,0.03331185567010331,0.17835051546391756,4902080213.820001,4574352.95,5.955896778800158
ARM,2026-03-25,148.255,166.69,148.25,157.07,29579891.0,134.96,0.09851066982809709,0.23510669828097197,4646113479.37,4846624.9,6.103193791621877
AS,2025-05-20,36.0,37.99,35.595,37.37,19816161.0,31.39,0.14686205798024843,0.2102580439630457,740529936.5699999,3867434.15,5.123852205731803
ASAN,2024-12-06,20.0,22.54,19.01,22.19,23918113.0,15.46,0.2936610608020698,0.4579560155239326,530742927.47,1923423.95,12.435174782969714
AVGO,2024-12-13,210.642019,225.216595,207.894514,221.375997,121336628.0,177.908308,0.18399203144577148,0.26591387176814707,26861016996.11812,23254825.9,5.217696684626652
AVGO,2025-09-05,353.192118,353.748045,329.009308,332.454068,78401554.0,303.873482,0.1622999008514996,0.16412936947225942,26064915564.821674,18451091.05,4.249155444929637
AVPT,2024-11-08,14.26,15.6399,14.06,14.89,2781659.0,13.48,0.05786350148367947,0.16022997032640962,41418902.51,576054.85,4.828809270506099
AVTR,2026-07-29,14.49,14.62,13.63,14.38,42795041.0,12.42,0.16666666666666674,0.17713365539452486,615392689.58,10465022.15,4.0893406995798856
BAX,2026-07-30,29.058789,29.98843,26.034956,26.739684,22671820.0,24.760447,0.17359710832360986,0.21114251289566788,606237302.50488,5744919.3,3.9464122672706647
BBIO,2024-11-25,28.81,30.51,26.86,27.19,14615084.0,23.42,0.23014517506404775,0.3027327070879591,397384133.96000004,1825669.25,8.005329552436729
BBIO,2025-01-13,28.98,34.25,28.1,33.73,10113379.0,29.08,-0.003438789546079679,0.17778541953232474,341124273.66999996,1661729.3,6.08605685655299
BBIO,2025-10-27,57.0,65.0,56.74,63.56,8486846.0,54.26,0.05049760412827142,0.19793586435680055,539423931.76,1793245.15,4.7326747265983125
BBIO,2026-07-09,84.0,93.415,84.0,90.17,20327218.0,78.33,0.07238605898123329,0.19258266309204664,1832905247.06,3953317.85,5.141812212240915
BBWI,2024-11-25,34.330349,35.289193,32.722877,33.634718,29582160.0,28.868703,0.1891891714012921,0.22240313324779426,994987609.43088,5374514.55,5.504154789198589
BBWI,2026-05-27,19.086248,20.456543,18.792614,19.037309,18204693.0,17.353804,0.09983079214217239,0.17879301852204854,346568365.891137,5762486.85,3.1591730226681562
BBY,2026-05-28,68.784651,76.087469,67.590542,73.758462,14364421.0,63.692416,0.0799504135625817,0.1946079891207142,1059497600.4805019,3790889.7,3.7891951854995938
BCRX,2025-05-05,9.795,11.11,9.59,11.03,26301795.0,8.93,0.09686450167973137,0.24412094064949597,290108798.84999996,3814369.75,6.895449765980343
BCRX,2026-03-16,8.22,9.5987,8.195,9.3,19874868.0,8.22,0.0,0.16772506082725047,184836272.4,4934050.6,4.028103805826394
BE,2024-11-08,11.05,13.39,11.017,13.17,23196127.0,10.67,0.03561387066541721,0.2549203373945643,305492992.59,6327004.0,3.6662102631830167
BE,2024-11-15,20.95,22.5,17.8,21.14,64764263.0,13.28,0.5775602409638554,0.6942771084337349,1369116519.82,7851419.55,8.24873293135889
BE,2024-11-18,21.405,24.9222,21.09,22.81,38508222.0,21.14,0.012535477767265935,0.17891201513718058,878372543.8199999,10903505.9,3.531728450754541
BE,2025-07-09,26.08,29.4399,25.84,28.71,22036975.0,24.3,0.07325102880658418,0.21151851851851844,632681552.25,5094088.95,4.325989439191084
BE,2025-07-24,30.45,33.91,29.9,33.06,39241177.0,26.89,0.13239122350316102,0.2610635924135365,1297313311.6200001,7668448.2,5.117225281641727
BMNR,2025-06-30,14.995596,34.349912,12.376365,33.890047,110196702.0,4.263748,2.516998659395443,7.056271618303898,3734571410.0249944,109492.75,1006.4292110664861
BMNR,2025-07-01,51.984733,74.778039,41.207998,45.986494,47104915.0,33.890047,0.5339233079257752,1.2064896811739447,2166189891.01801,5619326.95,8.382661379046471
BMNR,2025-07-02,51.524868,63.561333,41.487816,58.482824,24770405.0,45.986494,0.12043479548582248,0.382173926979517,1448643236.02372,7974496.6,3.1062029670938727
BMNR,2025-07-03,57.263183,160.95273,54.983852,134.960364,37559852.0,58.482824,-0.020854687181316778,1.752136764120693,5069091297.706128,9212949.55,4.076854192694456
BMNR,2025-08-11,57.942983,69.979448,56.483412,58.962684,147160744.0,51.4149,0.12696869973490155,0.36107330754314404,8676992445.676897,38542028.85,3.818188828946403
BMRN,2025-12-19,54.8,63.89,54.39,61.15,18520186.0,51.95,0.05486044273339741,0.22983638113570737,1132509373.8999999,2970543.65,6.234611634136398
BTDR,2024-11-11,9.99,11.61,9.86,11.34,10464856.0,8.96,0.11495535714285698,0.2957589285714284,118671467.03999999,2989832.55,3.5001478594511926
BTDR,2024-11-13,11.05,13.52,10.34,10.6,12326401.0,10.97,0.007292616226071136,0.2324521422060164,130659850.6,3653413.3,3.3739410211267367
BTDR,2025-10-15,24.8,27.8,24.15,25.9,32869940.0,20.12,0.23260437375745524,0.3817097415506958,851331446.0,7402208.65,4.4405584271121565
BTSG,2024-11-01,16.0,17.54,15.7707,17.25,5067777.0,14.97,0.06880427521710075,0.17167668670674674,87419153.25,1370355.45,3.698147805374146
BTSG,2025-01-21,17.8,21.34,17.562,20.89,5155544.0,18.55,-0.040431266846361225,0.15040431266846355,107699314.16,980181.1,5.259787196468081
BTSG,2025-05-02,20.36,20.95,19.4,20.87,4015675.0,17.9,0.13743016759776538,0.17039106145251393,83807137.25,1255234.85,3.199142375627955
BULL,2025-04-11,16.0,16.69,9.54,13.25,3931772.0,12.02,0.3311148086522464,0.3885191347753745,52095979.0,108236.95,36.32559860565177
BULL,2025-04-14,27.64,79.56,26.02,62.9,36885308.0,13.25,1.0860377358490565,5.0045283018867925,2320085873.2,303890.8,121.37684984211434
BULL,2025-04-16,40.41,52.6862,34.5001,36.22,9312710.0,40.9,-0.011980440097799527,0.28817114914425423,337306356.2,2732334.9,3.4083340223045133
BULL,2025-07-18,14.65,17.22,14.3812,16.89,55290987.0,14.43,0.01524601524601521,0.1933471933471933,933864770.4300001,12305553.55,4.493173490761007
BULL,2026-08-20,9.94,9.95,8.82,8.85,50827516.0,8.64,0.1504629629629628,0.15162037037037024,449823516.59999996,9929553.55,5.118811812037611
BWA,2026-02-11,54.999334,68.272983,53.913038,65.574603,14000106.0,53.550939,0.0270470514065122,0.2749166359155719,918051392.907918,2164817.75,6.467106064702214
BZ,2026-08-26,16.77,19.335,16.62,18.84,25679474.0,16.29,0.02946593001841613,0.18692449355432794,483801290.15999997,4413416.0,5.818502946470489
CAI,2025-08-13,39.8,39.8,33.02,34.28,1833409.0,32.46,0.22612446087492288,0.22612446087492288,62849260.52,593180.3,3.090812355029322
CCJ,2025-10-28,100.331681,109.937693,97.806672,106.699095,24708035.0,86.449121,0.16058647953170047,0.27170400032176145,2636324973.728325,4971362.6,4.970072993669784
CEG,2025-01-10,279.67738,306.913476,277.340877,302.151367,14707183.0,241.4122,0.15850557676869692,0.27132545911101413,4443795448.169161,2989999.6,4.918790959035579
CELH,2024-10-10,33.53,35.16,32.25,34.91,30172410.0,30.51,0.09898393969190433,0.1524090462143557,1053318833.0999999,6825905.3,4.420279607453681
CELH,2025-02-19,24.085,26.22,23.99,26.09,25278413.0,22.74,0.059146877748460946,0.15303430079155667,659513795.17,7953191.05,3.1783988138949586
CELH,2025-02-21,34.11,34.44,30.12,32.62,62380468.0,25.53,0.33607520564042304,0.34900117508813144,2034850866.1599998,9771727.2,6.383770926392624
CELH,2025-08-07,51.01,53.0728,49.77,50.12,23737629.0,42.74,0.19349555451567602,0.2417594759007955,1189729965.48,5134502.95,4.623160066545487
CELH,2026-02-26,58.67,59.3095,53.0501,54.12,15333954.0,50.61,0.15925706382137927,0.1718929065402095,829873590.48,4579400.4,3.3484632616968804
CELH,2026-08-07,23.97,27.87,23.82,27.77,33655336.0,23.77,0.008413967185527893,0.17248632730332347,934608680.72,9976456.1,3.3734760783440927
CHRW,2025-07-31,108.283267,113.859654,102.872534,113.037262,6470089.0,95.717036,0.13128520820473377,0.18954429387052918,731361145.456318,1102811.85,5.866901956122433
CHRW,2025-10-30,147.363181,156.316669,146.979038,152.554037,5571970.0,127.436992,0.15636110588674268,0.22661926138369615,850026517.54289,1465458.2,3.8022032972349535
CIEN,2024-12-12,83.67,89.2499,82.0,84.52,11352608.0,73.21,0.14287665619450918,0.21909438601283981,959522428.16,1568327.3,7.238672692874759
CIEN,2025-09-04,115.0,122.0,110.9,116.92,11296480.0,94.82,0.2128242986711666,0.28664838641636803,1320784441.6,1957028.85,5.772260332288918
CIFR,2025-01-31,5.6,6.29,5.5,5.73,43243879.0,4.7,0.1914893617021276,0.3382978723404255,247787426.67000002,10739541.0,4.026604023393551
CIFR,2025-08-29,7.25,8.71,6.95,7.64,70174926.0,7.02,0.03276353276353272,0.24074074074074092,536136434.64,22474002.9,3.122493412154895
CLF,2024-11-06,13.2,14.335,13.075,13.94,41247637.0,11.61,0.1369509043927648,0.23471145564168827,574992059.78,11114992.35,3.710991038153976
CLF,2025-02-10,10.87,12.08,10.84,11.84,62112505.0,10.04,0.08266932270916327,0.20318725099601598,735412059.2,12425793.1,4.998675295824779
CLF,2025-06-02,7.19,7.52,6.96,7.18,119579783.0,5.83,0.23327615780445976,0.2898799313893652,858582841.9399999,29027178.85,4.119579915703727
CLF,2026-07-23,10.67,11.465,10.6,10.96,67421952.0,9.45,0.12910052910052916,0.2132275132275132,738944593.9200001,19677986.6,3.4262627254761924
CLSK,2025-09-18,11.98,13.635,11.83,13.46,64657744.0,11.44,0.0472027972027973,0.19187062937062938,870293234.24,19103435.4,3.3846134292683296
CLSK,2026-07-14,14.685,15.1,12.8,13.45,76378268.0,12.36,0.18810679611650505,0.2216828478964401,1027287704.5999999,18180239.2,4.2011695863715595
CMCSA,2026-06-29,26.681462,26.735723,23.845108,23.894436,135440129.0,22.85855,0.1672421041579628,0.16961587677258616,3236265494.222244,36157859.9,3.745800480852021
CNH,2026-08-03,11.41,12.02,10.7001,10.8,38092536.0,10.25,0.11317073170731717,0.17268292682926822,411399388.8,10979971.6,3.4692745471217794
COIN,2024-11-06,221.479,257.6799,221.11,254.31,35456033.0,193.96,0.14187976902454125,0.3285208290369146,9016823752.23,11481790.45,3.0880230008029805
COIN,2024-11-11,300.305,334.86,296.0,324.24,42437496.0,270.74,0.10920070916746694,0.2368323853143237,13759933703.04,13865345.65,3.0606879245019036
COIN,2025-05-13,231.71,260.42,231.49,256.9,39119016.0,207.22,0.1181835730141878,0.2567319756780235,10049675210.4,7708199.8,5.074987288212223
COIN,2025-06-18,254.0,299.32,251.88,295.29,37434259.0,253.85,0.0005909001378767709,0.17912152846169005,11053962340.11,8527762.05,4.389693190372261
COMP,2025-01-15,6.37,6.845,6.0,6.66,13892862.0,5.58,0.1415770609318996,0.22670250896057342,92526460.92,4439263.95,3.12954177910507
COMP,2025-02-19,8.53,10.25,8.08,10.24,29366133.0,7.98,0.06892230576441083,0.2844611528822054,300709201.92,5409355.8,5.428767137114552
COMP,2026-01-07,11.8,12.58,11.335,11.84,103307157.0,10.83,0.08956602031394278,0.1615881809787627,1223156738.8799999,9537559.7,10.83161314313975
CORZ,2025-06-26,12.39,16.89,11.815,16.36,91955736.0,12.3,0.007317073170731714,0.37317073170731696,1504395840.96,10550766.6,8.71555020466475
CPRI,2025-04-09,12.0,16.65,11.86,16.36,15721218.0,12.48,-0.03846153846153855,0.3341346153846152,257199126.48,5032038.55,3.124224475585546
CPRI,2025-08-06,20.6,21.5,19.609,20.84,12219176.0,18.2,0.13186813186813207,0.18131868131868134,254647627.84,2680805.95,4.558023306386648
CRCL,2026-02-25,73.77,83.35,71.19,83.14,63849858.0,61.37,0.20205312041714185,0.3581554505458693,5308477194.12,11804953.5,5.408734392727595
CRCL,2026-05-04,107.13,119.99,106.9,119.53,32606547.0,99.7,0.07452357071213633,0.20351053159478427,3897460562.91,10611519.35,3.0727500864426167
CRCL,2026-05-11,118.85,134.8,105.36,131.76,49792979.0,113.67,0.045570511128705915,0.18588897686284866,6560722913.04,13711051.05,3.631594603391109
CRDO,2024-12-03,64.445,72.3,64.0,70.69,16634628.0,47.8,0.34822175732217575,0.5125523012552302,1175901853.32,2841582.15,5.8540021445447215
CRDO,2025-06-03,74.95,80.99,71.33,71.92,22645770.0,62.65,0.1963288108539505,0.2927374301675978,1628683778.4,3891321.05,5.819558373370401
CRM,2026-08-27,230.05,254.48,230.05,252.05,55517471.0,205.62,0.118811399669293,0.23762279933858577,13993178565.550001,11895483.65,4.667104981477571
CRWV,2025-05-16,68.075,84.0,67.55,80.3,42983957.0,65.77,0.035046373726623115,0.27717804470123175,3451611747.1,10533683.95,4.080619582287733
CRWV,2025-05-21,89.46,109.49,89.3,107.39,61681570.0,90.24,-0.008643617021276584,0.21332003546099298,6623983802.3,14971863.25,4.119832579956272
CRWV,2026-04-10,93.44,105.9,93.2,102.0,83416527.0,92.0,0.01565217391304352,0.1510869565217392,8508485754.0,23379447.0,3.567942689149149
CRWV,2026-08-12,108.7,111.83,105.44,107.73,87308421.0,90.32,0.20349867139061129,0.23815323294951285,9405736194.33,27848559.95,3.1351143885628456
CSCO,2026-05-14,117.111887,118.915141,113.545229,115.099415,70932274.0,101.490327,0.1539216638842833,0.17168940641998343,8164263242.01971,20604504.6,3.4425614872584704
CSTM,2026-02-18,25.685,27.25,24.91,25.64,5855130.0,23.41,0.09718069201196067,0.1640324647586502,150125533.20000002,1704035.75,3.4360370667106017
CVNA,2024-10-31,47.64,51.878,46.656,49.462,67455770.0,41.462,0.14900390719212764,0.25121798273117535,3336497295.7400002,12983679.25,5.195427944663682
CVNA,2025-07-31,78.047,82.667,76.7,78.034,54420920.0,66.718,0.16980425072694016,0.23905093078329687,4246682071.28,12971545.5,4.19540755571493
CVS,2025-02-12,57.518683,60.840171,57.414293,59.995564,36562085.0,52.194812,0.10200000337198278,0.16563636631165557,2193562910.59094,11458885.35,3.1907191566411823
CYTK,2025-09-02,44.91,50.22,44.91,49.62,13130509.0,35.33,0.27115765638267764,0.4214548542315313,651535856.5799999,1715270.45,7.6550662899836
CYTK,2026-05-05,74.685,80.2,73.065,77.09,18079520.0,66.05,0.1307342922028767,0.21423164269492823,1393750196.8,1670309.4,10.82405451349313
DBX,2026-05-08,27.425,29.1,26.71,28.9,10098396.0,25.13,0.09132510943095906,0.1579785117389576,291843644.4,3365914.9,3.000193498653219
DELL,2026-02-27,136.720343,148.156004,135.466302,147.379693,33475578.0,120.875633,0.13108274684278198,0.2256895812905484,4933620408.637554,8060323.15,4.153131006912545
DELL,2026-05-29,417.310412,428.443015,401.606362,420.215611,41832954.0,316.526952,0.3184040390974352,0.3535751451585709,17578860325.044895,7844933.25,5.332480553610829
DELL,2026-09-02,462.05,497.9899,432.2651,492.2,36720176.0,425.0,0.08717647058823541,0.17174094117647054,18073670627.2,5826487.35,6.302283656378315
DKNG,2025-02-14,48.72,53.61,48.04,53.49,48335410.0,46.45,0.04886975242195901,0.15414424111948333,2585461080.9,7528991.85,6.419904678207349
DLR,2024-10-25,175.405711,184.363327,171.506961,172.125056,6093376.0,157.024532,0.11705928217636719,0.17410524745267186,1048822685.229056,1371142.0,4.444015280693028
DOC,2026-05-06,16.630476,19.253503,16.503002,19.121126,28533639.0,16.18922,0.027256161816319846,0.18927922407626796,545595306.557514,7745348.75,3.6839708476651873
DOCU,2024-12-06,96.0,107.8599,95.33,106.99,19823661.0,83.68,0.14722753346080286,0.28895673996175897,2120933490.3899999,2702659.95,7.334870596650533
DOCU,2025-03-14,81.52,88.7,80.75,85.76,11933868.0,74.7,0.09129852744310574,0.18741633199464514,1023448519.6800001,2317955.2,5.148446354787184
DT,2026-08-05,51.505,53.285,50.22,50.86,18356536.0,45.71,0.12677751039159935,0.1657186611244803,933613420.96,4069041.65,4.511267659302529
EBAY,2025-07-31,86.817964,91.336042,86.375016,90.312338,20280217.0,76.344686,0.13718411259167418,0.1963641058134682,1831553812.417346,4726937.2,4.290350419717867
EL,2026-08-19,93.422668,99.477102,93.178497,97.678213,13700867.0,83.984726,0.11237688624476805,0.18446658979395858,1338276205.110671,2368368.3,5.784939360993812
ELAN,2025-05-07,10.83,12.14,10.75,12.01,22255381.0,9.51,0.13880126182965302,0.27655099894847535,267287125.81,5693206.35,3.9091119541100072
EQX,2025-08-14,7.060917,7.867594,7.050958,7.787922,37497441.0,6.762147,0.04418271297562737,0.1634757422457691,292027145.707602,11855278.35,3.1629321465910585
ETR,2024-10-31,67.279199,74.315087,66.999659,73.334327,6016765.0,63.678341,0.056547610120684544,0.16703867960379193,441235411.992155,1426368.75,4.218239498026019
EXK,2026-05-07,10.17,11.4259,10.06,10.15,20953408.0,9.31,0.09237379162191184,0.22727175080558526,212677091.20000002,6911496.25,3.031674653661282
F,2026-05-13,11.84175,13.790643,11.84175,13.424607,216261152.0,11.861536,-0.0016680807612100557,0.16263551364679918,2903220974.967264,42330925.75,5.108821698755312
FCEL,2024-10-28,9.87,11.994,9.75,11.007,2444406.12222603,9.612,0.02684144818976275,0.24781523096129843,26905578.187341914,643719.3106280625,3.797316752609267
FCEL,2024-11-04,10.503,12.57,10.5,11.421,3035426.16312402,10.464,0.003727064220183429,0.20126146788990829,34667602.209039435,734201.3382465255,4.134323931325775
FCEL,2024-11-15,8.26,9.45,5.87,6.16,13371592.0,7.01,0.1783166904422253,0.34807417974322385,82369006.72,1447926.672682448,9.234992525710997
FCEL,2025-05-23,4.5,5.54,4.46,5.48,3143489.0,4.58,-0.017467248908296984,0.20960698689956336,17226319.720000003,880410.2,3.570482259292316
FCEL,2025-06-06,5.46,7.48,5.41,6.47,12060436.0,5.2,0.050000000000000044,0.43846153846153846,78031020.92,1269395.7,9.500927094679776
FCEL,2025-09-09,4.25,5.32,4.16,5.18,10241908.0,4.22,0.007109004739336511,0.2606635071090049,53053083.44,1402161.35,7.304371925527685
FCEL,2025-09-10,5.235,6.01,5.0,5.7,7895940.0,5.18,0.010617760617760652,0.16023166023166024,45006858.0,1828176.75,4.319024405052739
FCEL,2025-10-31,7.78,9.2,7.73,8.95,15883522.0,7.73,0.0064683053040104355,0.19016817593790414,142157521.89999998,4407619.55,3.6036508641041856
FCEL,2025-12-18,9.29,10.9,9.25,9.64,12938966.0,7.9,0.17594936708860742,0.379746835443038,124731632.24000001,2049879.15,6.312062835509108
FCEL,2026-04-20,7.14,8.695,7.06,8.65,6461018.0,7.25,-0.015172413793103523,0.19931034482758614,55887805.7,1455309.8,4.439616911808056
FCEL,2026-04-21,8.53,10.343,8.53,9.49,18823963.0,8.65,-0.0138728323699423,0.19572254335260109,178639408.87,1703720.55,11.048738597418456
FCEL,2026-04-22,9.99,11.88,9.985,11.8,17058109.0,9.49,0.052687038988408874,0.25184404636459434,201285686.20000002,2590324.9,6.58531638251248
FCEL,2026-04-29,11.395,13.66,10.99,13.64,18658900.0,9.94,0.14637826961770628,0.37424547283702214,254507396.0,4300278.75,4.338997791712921
FHN,2024-11-06,18.158612,19.118831,18.111076,19.109324,21766146.0,16.4093,0.10660491306758968,0.1651216688097601,415936336.145304,6539785.1,3.328266245323566
FIG,2025-10-06,53.46,61.75,51.1,56.96,28006335.0,53.04,0.007918552036199067,0.1642156862745099,1595240841.6000001,9110652.65,3.074020717933967
FIG,2026-05-15,22.28,23.93,21.31,22.92,77424650.0,20.24,0.10079051383399218,0.182312252964427,1774572978.0000002,18015430.3,4.297685301471817
FIGS,2025-11-07,8.36,8.8977,8.0,8.55,5891099.0,7.52,0.11170212765957444,0.18320478723404277,50368896.45,1679869.5,3.506878956966598
FIGS,2026-02-26,11.05,12.66,11.02,12.47,9791589.0,10.96,0.008211678832116709,0.1551094890510949,122101114.83000001,2919810.85,3.3535011351848354
FIGS,2026-02-27,14.57,15.8999,14.3,15.45,26067961.0,12.47,0.16840417000801922,0.27505212510024046,402749997.45,3317853.0,7.856876419781106
FIGS,2026-08-07,15.2,16.38,14.11,14.26,11255426.0,11.24,0.35231316725978634,0.45729537366548034,160502374.76,2998440.1,3.7537604969997567
FLEX,2026-05-06,119.85,134.99,119.0,134.73,18828628.0,96.45,0.2426127527216173,0.3995852773457751,2536781050.4399996,4038180.4,4.662651524929396
FLNC,2025-05-12,5.05,6.11,5.03,5.69,14575794.0,4.58,0.10262008733624439,0.3340611353711791,82936267.86,4825996.8,3.0202659894014023
FLNC,2025-06-17,5.37,5.98,5.32,5.67,13128357.0,5.01,0.07185628742514982,0.19361277445109804,74437784.19,3155755.75,4.160130897329427
FLNC,2026-05-07,19.205,20.285,16.31,18.97,46080058.0,13.56,0.41629793510324475,0.4959439528023599,874138700.26,4930100.65,9.346676928390904
FLNC,2026-05-08,23.775,26.98,23.52,24.16,41472189.0,18.97,0.25329467580390097,0.4222456510279389,1001968086.24,7080070.65,5.857595361707301
FLNC,2026-06-01,23.42,28.88,23.2442,27.15,46233518.0,18.88,0.24046610169491545,0.5296610169491525,1255240013.7,14741803.5,3.1362185773267157
FNB,2024-11-06,14.58803,15.788788,14.573903,15.746408,7833195.0,13.702765,0.06460484435075697,0.15223372801036872,123344684.41356,2423161.35,3.232634508634763
FPS,2026-05-29,47.72,55.19,47.65,54.66,32080558.0,47.56,0.003364171572750152,0.16042893187552565,1753523300.28,5127144.05,6.2570034481477075
FRVO,2026-09-01,16.47,20.07,16.44,19.75,35232544.0,15.38,0.07087126137841349,0.3049414824447334,695842744.0,3725375.7,9.457447204586641
GAP,2024-11-22,24.459963,24.545288,22.042408,23.578266,35444173.0,20.895255,0.17059892305693314,0.1746823860249611,835712139.1440179,5477942.05,6.470344643386653
GAP,2025-03-07,21.428723,22.244464,20.474639,22.087041,30489855.0,18.585553,0.15297742284020277,0.19686855699155137,673430677.4690549,6840973.1,4.456947067954411
GAP,2026-08-28,24.685,25.8,23.33,23.48,26447620.0,20.79,0.18734968734968738,0.24098124098124107,620990117.6,6595090.1,4.010198435348139
GEO,2024-11-06,19.34,21.54,19.06,21.5,20190734.0,15.13,0.2782551222736285,0.42366159947124915,434100781.0,2537372.2,7.95734027510824
GEO,2026-05-06,21.2,23.19,20.0328,22.2,5537482.0,18.36,0.15468409586056642,0.2630718954248368,122932100.39999999,1483391.2,3.7329883040967213
GLUE,2024-10-28,6.39,12.4,6.15,9.48,95126226.0,4.89,0.3067484662576687,1.535787321063395,901796622.48,478622.95,198.74982175426396
GLUE,2025-09-15,7.22,7.4,6.06,6.93,31708489.0,4.81,0.501039501039501,0.5384615384615388,219739828.76999998,343269.3,92.37205016586104
GLUE,2025-12-16,17.19,18.98,17.19,18.66,3066461.0,16.45,0.04498480243161107,0.15379939209726445,57220162.26,781981.4,3.921398897723143
GLUE,2026-01-07,21.91,25.15,21.11,23.28,23208664.0,16.01,0.368519675202998,0.5708931917551527,540297697.9200001,1195888.65,19.407044292961558
GLW,2026-01-27,101.532758,113.390017,100.438547,109.162387,25446523.0,94.450233,0.07498684518861909,0.20052659901855407,2777803191.5304008,4858364.75,5.237672408190431
GLW,2026-05-06,188.734806,195.1429,174.712741,180.951413,32981093.0,161.547745,0.16829118227555573,0.2079580559914347,5967975380.634409,10552291.4,3.125491113712042
GLXY,2025-05-16,23.5,25.26,22.09,22.8,6284903.0,21.91,0.07256960292104053,0.15289821999087172,143295788.4,59448.7,105.71977183689467
GLXY,2025-05-19,23.02,26.6,22.5,23.65,2612360.0,22.8,0.009649122807017463,0.16666666666666674,61782314.0,373231.4,6.999303917087362
GLXY,2026-01-15,30.145,32.89,28.91,31.99,20580699.0,28.19,0.06935083362894634,0.16672578928698112,658376561.01,4844059.9,4.248646677552439
GLXY,2026-06-08,26.275,31.8,26.2,30.51,19328340.0,25.14,0.04514717581543359,0.26491646778042965,589707653.4,5212071.05,3.7083799922489544
GM,2025-10-21,63.214619,66.972201,61.826594,66.050156,43706533.0,57.503888,0.09931034576305509,0.16465517948977637,2886823322.8691483,8082950.2,5.407250065700021
GME,2025-03-26,28.84,29.8,27.32,28.36,53312955.0,25.4,0.13543307086614176,0.17322834645669305,1511955403.8,4280582.2,12.454603721895586
GTLB,2026-09-02,55.2,55.55,49.1101,49.59,28993570.0,45.09,0.2242182302062541,0.23198048347748923,1437791136.3000002,4729854.2,6.12990776755867
GWRE,2025-01-23,194.12,212.0,192.52,204.6,3569102.0,183.49,0.05793231238759611,0.15537631478554692,730238269.1999999,768798.55,4.642441118027603
GWRE,2025-06-04,246.95,263.2,238.6001,253.98,4554995.0,218.18,0.13186359886332388,0.2063433861948849,1156877630.1,775658.5,5.87242323780375
GWRE,2025-09-05,263.99,272.6,243.3607,260.71,3220484.0,216.99,0.21659984331075166,0.2562790912023596,839612383.64,654889.95,4.9175956968037156
HCSG,2025-04-23,11.1,12.2,10.86,12.19,3007375.0,9.41,0.17959617428267793,0.29649309245483524,36659901.25,488541.75,6.155819845489152
HCSG,2025-07-23,13.64,15.38,13.465,14.63,2626494.0,13.05,0.04521072796934855,0.17854406130268208,38425607.22,778916.7,3.3719831658507258
HCSG,2026-02-11,20.49,22.49,20.04,22.28,3364069.0,19.24,0.06496881496881501,0.16891891891891886,74951457.32000001,537165.5,6.262630418371992
HCSG,2026-04-22,24.0,24.39,21.87,22.89,2594846.0,19.35,0.24031007751937983,0.26046511627906965,59396024.940000005,599081.3,4.33137539095278
HIMS,2024-11-06,21.6,24.68,21.4,23.42,36942830.0,20.64,0.04651162790697683,0.19573643410852704,865201078.6,12289187.25,3.0061247541003984
HIMS,2025-02-13,47.53,59.55,47.1426,59.18,42823838.0,46.34,0.02567975830815694,0.28506689684937414,2534314732.84,12637744.65,3.388566487612962
HIMS,2025-02-19,59.26,72.98,58.695,68.74,59517449.0,58.5,0.01299145299145299,0.24752136752136766,4091229444.2599998,15814513.45,3.763470130660264
HIMS,2025-04-29,37.94,37.94,32.95,35.04,152176234.0,28.48,0.3321629213483146,0.3321629213483146,5332255239.36,22294505.9,6.8257280373277975
HIMS,2025-05-06,38.33,50.56,38.21,49.47,157523969.0,41.88,-0.08476599808978047,0.20725883476599805,7792710746.429999,33174792.5,4.7483030677584495
HIMS,2026-03-09,23.215,23.51,20.97,22.16,174964059.0,15.74,0.4749047013977128,0.49364675984752227,3877203547.44,37560104.4,4.658242084119447
HL,2025-08-07,6.950624,7.395024,6.930651,7.210274,67811966.0,6.101769,0.13911621367508342,0.21194755160347767,488942855.338684,19296971.95,3.514124712193511
HOOD,2024-11-06,27.73,30.06,26.74,29.86,49591636.0,24.96,0.1109775641025641,0.2043269230769229,1480806250.96,15964733.35,3.1063241028075175
HOOD,2025-02-13,62.09,66.91,61.2,63.8,77989658.0,55.91,0.11053478805222694,0.1967447683777499,4975740180.4,22977683.55,3.3941479710212126
HPE,2026-05-29,42.65564,44.445422,41.399302,42.914884,86121424.0,38.098924,0.11960222288692468,0.16657945510482142,3695890920.874816,17021136.05,5.059675438056321
HPE,2026-06-02,62.876686,64.063227,53.314564,55.986773,153197764.0,46.863372,0.3417021293303435,0.3670212847679848,8577048437.175571,25695862.1,5.9619624126174
HPQ,2026-05-22,22.328148,25.257482,22.308388,24.936391,48674187.0,21.636568,0.03196347960545309,0.16735158736819988,1213758558.639117,15332898.35,3.17449355555142
HUT,2025-12-17,41.93,44.6999,39.77,40.16,22652537.0,36.85,0.13785617367706915,0.2130230664857531,909725885.92,5936355.1,3.8158999282236334
HUT,2026-05-06,101.57,111.33,96.39,108.94,19778868.0,80.51,0.2615824121227175,0.3828095888709475,2154709879.92,4814422.6,4.10825339678324
INDV,2025-07-31,20.865,21.01,19.31,20.2,24098629.0,17.4,0.19913793103448274,0.20747126436781627,486792305.8,2515361.85,9.580581418136719
INDV,2025-10-30,30.0,30.55,28.0,29.13,10663285.0,25.24,0.18858954041204434,0.21038034865293187,310621492.05,1441503.05,7.397337799597441
INDV,2026-04-30,35.97,39.33,34.93,36.78,6855373.0,34.15,0.05329428989751106,0.15168374816983898,252140618.94,1493260.0,4.59087700735304
INFY,2025-12-19,18.662466,29.351191,18.579304,19.782703,118705820.0,18.765195,-0.005474443510978699,0.5641292829624207,2348321981.4314604,11948903.2,9.934453230820383
INTC,2025-09-18,31.78,32.3771,30.16,30.57,523907959.0,24.9,0.27630522088353415,0.3002851405622491,16015866306.630001,80009970.9,6.548033365176489
IONQ,2024-11-07,16.43,22.62,16.29,22.11,70733418.0,16.45,-0.0012158054711245425,0.3750759878419454,1563915871.98,19881286.3,3.5577888136946147
IONQ,2025-05-22,33.82,48.92,33.73,45.79,105188117.0,33.54,0.008348240906380422,0.45855694692904003,4816563877.43,16449784.65,6.394498118855313
IONQ,2025-09-12,47.3,56.07,47.15,55.61,68818848.0,47.05,0.005313496280552554,0.19171094580233805,3827016137.2799997,13971780.25,4.925560434576689
IONQ,2026-02-26,39.05,41.9,38.75,40.88,70334580.0,33.59,0.16254837749330142,0.24739505805299178,2875277630.4,20189013.0,3.483804780352561
IONQ,2026-04-14,31.78,35.875,31.06,35.76,68012591.0,29.76,0.0678763440860215,0.20547715053763427,2432130254.16,17373084.9,3.9148252248511146
IONQ,2026-04-15,38.36,43.34,37.46,43.25,96972993.0,35.76,0.0727069351230425,0.21196868008948555,4194081947.25,19806356.9,4.896054003752704
IOT,2025-09-05,40.39,42.8716,38.39,42.09,23981779.0,35.84,0.126953125,0.1961941964285714,1009393078.1100001,5383176.6,4.454949332332883
IOT,2025-12-05,41.92,47.47,41.52,45.22,21626727.0,40.71,0.029722426922132117,0.16605256693687043,977960594.9399999,4663425.0,4.637520063043793
IOT,2026-03-06,32.19,35.555,31.42,35.36,33401752.0,29.58,0.08823529411764697,0.2019945909398242,1181085950.72,8705894.05,3.8366825748356077
IOT,2026-09-04,44.9,45.12,39.32,40.2,25608920.0,38.75,0.15870967741935482,0.1643870967741934,1029478584.0000001,5612925.9,4.562490304744625
IQV,2025-07-22,171.33,190.13,170.16,187.38,6857001.0,158.96,0.07781831907398096,0.19608706592853542,1284864847.3799999,1955981.75,3.505656941840076
IQV,2026-07-28,235.0,247.7184,232.5,242.94,5096703.0,213.22,0.10214801613357105,0.16179720476503134,1238193026.82,1241907.95,4.103929763876622
JBHT,2025-10-16,161.666825,168.332271,157.580271,168.193407,6505974.0,137.702959,0.1740257883637779,0.2224303110291188,1094261932.913418,1386247.75,4.693226012449795
KMT,2024-11-06,26.533935,30.332576,26.505657,29.437115,3635591.0,25.054067,0.05906697703011643,0.21068471637758446,107021310.359965,856316.9,4.2456139777225
KMT,2025-11-05,24.10627,26.077714,23.423097,24.662569,3135236.0,21.578528,0.1171415399604645,0.20850291549080646,77322974.18128401,779657.2,4.021300643410976
KMT,2026-05-06,38.544006,43.297767,37.269188,42.76408,3433095.0,37.071427,0.039722749275338254,0.167955228699451,146813149.2276,1031102.05,3.3295394961148608
KSS,2025-07-22,19.154398,20.74494,12.001224,13.907548,209344034.0,10.105763,0.8953935492055376,1.0527831495751485,2911462201.368632,7505866.05,27.890723416253877
KSS,2025-08-27,15.958765,16.322456,14.712517,15.68236,47362857.0,12.646752,0.26188645116153153,0.29064411162644754,742761374.10252,6863259.55,6.900927562909959
KSS,2025-11-25,19.045481,21.942857,18.928218,21.908655,35526948.0,15.371237,0.23903372252994326,0.4275270754071385,778347646.93494,4140605.6,8.580133302239652
KSS,2026-05-28,15.389206,16.093676,14.664891,15.468583,16818372.0,12.829299,0.19953599958968904,0.25444702785397677,260156383.206876,4649191.4,3.617483246656612
KURA,2025-08-15,7.05,7.75,7.035,7.34,4325246.0,6.6,0.06818181818181812,0.1742424242424243,31747305.64,1389706.6,3.112344720820927
KURA,2026-05-20,8.98,10.38,8.98,10.34,5341981.0,8.96,0.0022321428571427937,0.1584821428571428,55236083.54,1232471.45,4.334364905572458
KVUE,2025-11-03,16.282927,16.392657,15.395548,15.400319,203525996.0,13.711437,0.18754343545465013,0.19554624362129225,3134365263.1927238,32275178.75,6.305960303937899
KVYO,2025-08-06,35.47,36.5,34.82,35.31,6093088.0,30.7,0.1553745928338761,0.18892508143322484,215146937.28,1395939.5,4.36486538277626
LEVI,2025-04-08,15.081276,15.081276,11.836545,11.922944,15071090.0,12.959721,0.16370375565955486,0.16370375565955486,179691762.08896,2450143.75,6.151104399486765
LEVI,2026-04-08,22.367582,22.673717,21.133168,21.538056,11543118.0,19.464241,0.1491628160584324,0.16489088888695935,248616321.898608,2621624.0,4.403041015797841
LION,2025-02-07,8.0,8.66,7.625,8.45,1356466.0,7.38,0.08401084010840121,0.17344173441734423,11462137.7,444194.1,3.053768611514651
LION,2025-05-07,7.75,8.5,7.4101,8.15,5809386.0,6.79,0.14138438880706916,0.25184094256259204,47346495.9,515523.75,11.268900802339369
LION,2025-09-11,6.59,7.69,6.58,7.66,9382883.0,6.61,-0.00302571860816947,0.16338880484114982,71872883.78,2059295.55,4.556355691634452
LION,2026-06-16,14.44,16.7,14.3,16.36,16425742.0,14.37,0.004871259568545616,0.16214335421016002,268725139.12,3495239.9,4.699460543466559
LITE,2024-11-08,86.5,88.0,81.03,83.85,7369004.0,73.64,0.17463335143943515,0.1950027159152634,617890985.4,1575175.8,4.678210521009782
LITE,2025-11-05,218.5,240.7099,213.0,232.75,11152676.0,188.36,0.16001274155871736,0.27792471862391155,2595785339.0,3362355.7,3.316923310642
LSCC,2025-02-11,62.62,63.7874,57.9406,58.64,7022509.0,54.47,0.14962364604369371,0.17105562695061494,411799927.76,2150139.65,3.2660711131018862
LSCC,2025-08-05,54.565,57.14,53.0625,56.14,8074631.0,48.73,0.11974143238251589,0.17258362405089267,453309784.34000003,2068708.05,3.903224043624715
LULU,2024-12-06,377.0,409.7,377.0,399.6,10951951.0,344.81,0.09335576114381827,0.18819059772048363,4376399619.6,1821591.25,6.0122988623271
LUV,2025-03-11,31.171569,31.615774,28.564282,29.481661,41161525.0,27.212355,0.14549325113537592,0.16181690265322501,1213510126.293025,10076361.0,4.084959341968792
LUV,2026-01-29,42.800196,48.469063,42.109472,47.857279,34535323.0,40.318524,0.06155165799224216,0.20215370483304396,1652766588.166117,8431461.6,4.096006675758329
LYFT,2024-11-07,17.78,18.82,17.4,17.69,73961421.0,14.4,0.23472222222222228,0.30694444444444446,1308377537.49,13179117.55,5.612016185408407
LYFT,2025-05-09,14.655,16.78,14.63,16.65,107486139.0,13.0,0.12730769230769234,0.2907692307692309,1789644214.35,12288498.5,8.746889540654621
LYFT,2025-09-17,23.38,23.5,21.91,22.84,101377100.0,20.19,0.1579990094105992,0.16394254581475964,2315452964.0,21333705.35,4.751968696333382
M,2025-09-03,14.866644,15.830134,14.741391,15.685611,48533558.0,12.997475,0.14381016312783834,0.21793917664777185,761278511.233938,6957992.65,6.975224097139567
MARA,2025-02-27,14.21,14.85,13.06,13.13,90411850.0,12.45,0.14136546184738963,0.19277108433734935,1187107590.5,29794487.65,3.0345160172606627
MAT,2025-02-05,21.27,21.35,20.18,20.84,18416580.0,18.07,0.17708909795240735,0.18151632540121754,383801527.2,2755150.05,6.684419964712993
MIR,2025-10-29,25.155,30.21,24.27,29.75,12669661.0,25.19,-0.0013894402540690631,0.19928543072647864,376922414.75,3816413.35,3.319782171918039
MLYS,2025-03-10,14.13,18.29,13.5,14.96,15229716.0,10.52,0.34315589353612186,0.7385931558935361,227836551.36,384103.5,39.65003182735903
MLYS,2025-09-02,22.64,30.14,22.0,28.86,15718579.0,15.48,0.46253229974160215,0.9470284237726099,453638189.94,926333.3,16.968599746980917
MNST,2026-05-08,42.2475,44.385,41.565,43.145,30569694.0,37.985,0.1122153481637489,0.1684875608792944,1318929447.63,9004950.4,3.3947653948210528
MRNA,2025-10-30,24.425,29.2,24.25,28.14,48698737.0,24.7,-0.011133603238866363,0.18218623481781382,1370382459.18,8487345.0,5.73780575668834
MRNA,2026-05-08,49.0,57.779,48.98,54.35,20925852.0,48.54,0.009476720230737534,0.19033786567779165,1137320056.2,6128721.6,3.414391020796246
MRNA,2026-08-19,116.02,176.66,114.46,174.38,199252328.0,62.96,0.8427573062261753,1.8059085133418042,34745620956.64,5369508.35,37.10811400451589
MRNA,2026-08-21,133.11,159.47,132.42,145.13,87316065.0,133.32,-0.0015751575157514353,0.19614461446144626,12672180513.449999,19883321.6,4.391422457302103
MRVL,2024-12-04,111.815635,119.331064,109.068274,117.608985,59995896.0,95.470823,0.17120216927427134,0.24992181119042,7056056432.72556,10273284.85,5.839991480427022
MRVL,2026-03-06,84.651734,93.330248,83.337716,89.503108,90071099.0,75.623482,0.11938424099540956,0.23414375444918023,8061643301.475692,14238862.4,6.325722973486983
MRVL,2026-06-02,253.397487,291.228154,252.367741,290.71828,112646194.0,219.37588,0.1550836263312083,0.3275304194791151,32748307768.22632,28740926.75,3.9193654045967743
MSFT,2026-07-30,437.077203,457.828139,431.627462,450.2524,110160704.0,389.80619,0.12126798961299201,0.17450197237760645,49600121361.689606,32218279.65,3.419198827396112
MSTR,2026-08-19,94.54,106.9,94.3,104.25,49175202.0,92.52,0.021833117163856608,0.15542585386943375,5126514808.5,15906605.0,3.0914957654383195
NKE,2025-06-27,67.213045,71.450577,67.116737,69.379965,117530345.0,60.230747,0.11592580779381656,0.1862807711815362,8154251222.537925,14755549.65,7.965162111056975
NRG,2025-05-12,134.971583,148.577113,134.922324,148.380074,10257926.0,117.563205,0.14807675581828517,0.26380624788172446,1522071818.9665241,2251268.65,4.556509059902735
NU,2025-08-15,13.4,14.07,12.92,13.1,130527235.0,12.01,0.11573688592839315,0.1715237302248127,1709906778.5,43311314.2,3.0136983236588093
NVAX,2025-01-07,9.95,11.55,9.88,10.82,15015029.0,9.76,0.019467213114753967,0.18340163934426235,162462613.78,3618023.65,4.150063806244053
NVAX,2025-05-08,7.19,7.5,6.48,6.66,36866423.0,5.95,0.20840336134453774,0.26050420168067223,245530377.18,7071261.9,5.213556437500921
NVAX,2025-05-19,8.1,8.78,7.12,7.74,84054230.0,6.73,0.20356612184249623,0.3046062407132242,650579740.2,9337559.25,9.001734580693558
NVAX,2025-08-06,7.21,8.2284,7.18,7.58,23341067.0,6.73,0.07132243684992567,0.22264487369985142,176925287.86,5113546.9,4.564555181844523
NVAX,2026-01-21,8.28,9.98,8.2,9.9,16572711.0,8.2,0.009756097560975618,0.2170731707317075,164069838.9,4591107.3,3.609741597631578
NVAX,2026-02-26,9.825,11.97,9.7,11.19,23919407.0,9.53,0.030954879328436435,0.2560335781741869,267658164.32999998,3722693.35,6.4252960830093615
NVAX,2026-05-06,8.56,9.565,8.3517,9.36,16482982.0,8.1,0.05679012345679024,0.18086419753086425,154280711.51999998,3028563.9,5.442507585856122
NVAX,2026-05-08,9.36,10.75,9.32,10.11,13354044.0,9.23,0.014084507042253502,0.16468039003250268,135009384.84,4010693.95,3.3296093310734913
NVCR,2024-10-15,16.06,19.33,15.9,17.78,2771847.0,16.06,0.0,0.2036114570361145,49283439.660000004,722757.15,3.8351014583529195
NVCR,2024-10-16,21.46,21.8165,17.69,17.87,6732625.0,17.78,0.20697412823397077,0.22702474690663665,120312008.75,824345.95,8.16723245865404
NVCR,2024-12-02,28.25,31.57,25.0,29.85,12214762.0,20.04,0.4096806387225549,0.5753493013972057,364610645.7,853598.7,14.309724229898665
NVCR,2026-02-12,14.4,14.97,12.0128,12.53,16691120.0,10.5,0.37142857142857144,0.4257142857142857,209139733.6,1489720.65,11.204194558221369
NVCR,2026-02-25,12.555,15.46,12.5,14.99,8259435.0,11.74,0.06942078364565574,0.31686541737649065,123808930.65,2618107.15,3.1547352827022377
NVCR,2026-04-30,13.36,15.5153,13.3,15.21,7710540.0,11.93,0.11986588432523049,0.3005280804694048,117277313.4,1097694.0,7.024307320619408
NVCR,2026-07-23,18.0,20.55,18.0,19.99,8948689.0,15.57,0.1560693641618498,0.3198458574181118,178884293.10999998,1460873.2,6.125575443508718
NVTS,2024-12-04,3.4,3.8,3.15,3.21,13681466.0,3.14,0.08280254777070062,0.21019108280254772,43917505.86,4405634.85,3.1054471071291805
NVTS,2024-12-05,3.46,3.99,3.42,3.77,15060468.0,3.21,0.0778816199376946,0.2429906542056075,56777964.36,4782637.15,3.1489882104060514
NVTS,2024-12-09,4.1,4.6556,3.78,4.33,18999859.0,3.77,0.08753315649867366,0.23490716180371352,82269389.47,5828005.5,3.260096271357328
NVTS,2025-05-22,4.905,5.25,4.03,5.05,276487829.0,1.91,1.568062827225131,1.74869109947644,1396263536.45,5743929.85,48.135655591267366
NVTS,2025-05-27,4.535,7.529,4.535,6.5,271628298.0,4.41,0.028344671201814053,0.7072562358276644,1765583937.0,23161966.9,11.72734160154594
NVTS,2025-07-21,7.48,9.48,7.3913,8.47,120768520.0,6.79,0.10162002945508108,0.3961708394698087,1022909364.4000001,25261555.7,4.780723777831308
NVTS,2025-10-13,8.6,10.41,8.5001,9.97,147107417.0,8.23,0.044957472660996256,0.26488456865127574,1466660947.49,39202850.25,3.7524673859651316
NVTS,2025-10-14,12.45,13.33,10.92,12.57,157929925.0,9.97,0.24874623871614832,0.3370110330992979,1985179157.25,45679404.7,3.4573551480630393
NVTS,2026-03-11,8.72,10.88,8.72,10.84,55663315.0,8.68,0.004608294930875667,0.2534562211981568,603390334.6,17690053.6,3.1465882613266922
NVTS,2026-04-21,14.445,16.61,14.19,15.33,87717909.0,13.2,0.09431818181818197,0.2583333333333333,1344715544.97,20898365.2,4.197357456457886
NVTS,2026-04-22,16.125,18.67,16.01,18.47,84760058.0,15.33,0.051859099804305364,0.21787345075016318,1565518271.26,24352603.25,3.480533770039554
NVTS,2026-06-03,30.645,34.17,29.7,30.84,112299145.0,25.86,0.1850348027842228,0.32134570765661263,3463305631.8,36659509.9,3.0633018637273164
OGN,2025-02-13,15.257887,16.707556,14.545173,15.825148,8157330.0,14.25427,0.0704081654128903,0.17210884878706523,129090954.53484,2379194.0,3.4286106975723714
OGN,2026-04-10,7.986341,8.903624,7.916548,8.803919,39484105.0,6.88959,0.1591895889305459,0.2923300225412544,347614862.20749503,3985480.65,9.906987002935267
OGN,2026-04-24,10.713263,11.545797,9.925596,11.226742,31875916.0,8.574598,0.24941868994907979,0.34651175483678665,357862684.945672,7586394.55,4.201721356556654
OGN,2026-04-27,13.175967,13.200893,13.111159,13.12113,133824436.0,11.226742,0.17362338958176826,0.1758436240896959,1755927821.9326801,9054200.8,14.780369792549774
OKLO,2024-10-15,10.58,12.63,9.5381,11.65,37138690.0,10.04,0.0537848605577691,0.25796812749004006,432665738.5,4922681.4,7.544402528264372
OKLO,2024-10-16,12.82,16.77,12.3,16.54,54401051.0,11.65,0.10042918454935612,0.4394849785407724,899793383.54,6721018.7,8.094167480890954
OKLO,2024-10-18,15.5,20.64,15.48,18.23,49587671.0,15.73,-0.014621741894469187,0.3121424030514939,903983242.33,10683485.25,4.641525666916609
OKLO,2024-10-21,19.37,22.93,18.55,22.31,55878481.0,18.23,0.06253428414701045,0.25781678551837617,1246648911.11,12408910.75,4.503093150218684
OKLO,2024-12-18,21.41,22.94,18.03,18.38,50038713.0,19.1,0.12094240837696324,0.2010471204188482,919711544.9399999,11209923.85,4.46378705775062
OKLO,2025-05-14,34.55,39.37,34.1,37.01,39267338.0,32.03,0.0786762410240398,0.2291601623477988,1453284179.3799999,10893153.3,3.604772366510255
OKLO,2025-05-23,44.66,52.17,43.63,48.87,92503108.0,39.72,0.12437059415911378,0.31344410876132933,4520626887.96,15126179.9,6.115430902682838
OKLO,2025-09-19,108.7,136.53,107.1589,135.23,63583999.0,104.97,0.03553396208440507,0.3006573306659046,8598464184.769999,14973974.65,4.246300697457104
OKLO,2026-01-09,114.35,115.72,104.03,105.31,33942746.0,97.6,0.1716188524590163,0.18565573770491817,3574510581.26,10474090.25,3.240639061707531
OKTA,2025-03-04,100.055,108.6,97.6,108.31,17352128.0,87.16,0.1479463056447914,0.24598439651216153,1879408983.68,2524734.45,6.872852707341162
OKTA,2026-05-29,107.535,124.79,106.5006,123.27,17583948.0,94.72,0.1352934966216215,0.3174619932432434,2167573269.96,3230748.95,5.44268473723407
OKTA,2026-08-27,166.15,174.85,156.5,172.91,16362713.0,134.42,0.23605118285969362,0.3007736943907158,2829276704.83,2798256.0,5.847468208770034
ON,2025-04-09,32.32,39.59,31.68,39.2,28303747.0,31.95,0.011580594679186262,0.23912363067292652,1109506882.4,9270472.65,3.0531072221004827
ONB,2024-11-06,19.438661,21.128359,19.333948,21.085522,8908120.0,18.239214,0.06576198952432932,0.15840293337201916,187832360.23864,1992965.65,4.4697810019956945
ONON,2025-11-12,43.84,44.87,41.01,41.51,48483022.0,35.18,0.24616259238203542,0.2754405912450255,2012530243.2199998,6818090.95,7.1109379965076585
ORCL,2025-09-10,315.592978,341.824005,308.572989,324.629977,131618085.0,238.788371,0.3216429957554341,0.4314935169100005,42727175906.334045,12585045.55,10.458292302327026
ORIC,2025-02-10,12.31,14.67,10.97,11.23,5744016.0,12.25,0.004897959183673528,0.1975510204081632,64505299.68,891693.3,6.441694694801452
ORIC,2025-05-29,7.29,8.439,6.89,7.97,14471373.0,5.97,0.22110552763819102,0.41356783919598006,115336842.81,786142.95,18.408068150964148
ORIC,2026-01-14,10.08,11.78,10.04,11.25,5033959.0,10.14,-0.00591715976331364,0.1617357001972386,56632038.75,1572972.75,3.200283666706877
ORIC,2026-02-24,12.08,13.75,11.75,13.42,4667587.0,11.71,0.03159692570452588,0.17421007685738665,62639017.54,1325122.95,3.5223803195016736
ORIC,2026-04-02,7.252,8.97,7.23,8.89,7289337.0,7.475,-0.029832775919732435,0.20000000000000018,64802205.93000001,2352364.3,3.0987279478778014
ORIC,2026-08-04,10.64,13.73,10.64,13.47,5044088.0,10.6,0.0037735849056603765,0.2952830188679245,67943865.36,1618872.9,3.115802358542169
OSCR,2025-02-18,15.12,16.6999,14.7112,15.85,13559787.0,13.46,0.12332838038632965,0.24070579494799405,214922623.95,4427487.45,3.0626370267859255
OSCR,2025-05-07,16.06,17.4,15.31,17.02,29208370.0,13.07,0.22876817138485062,0.3312930374904359,497126457.4,4356681.65,6.704269980341574
OSCR,2025-06-18,16.3,19.24,16.09,18.77,49622714.0,16.11,0.011793916821849937,0.19428926132836732,931418341.78,12306065.05,4.03237865218338
OSCR,2025-06-20,21.55,22.78,20.31,21.22,70657713.0,18.77,0.14810868407032496,0.2136387852956847,1499356669.86,14419643.05,4.900101393286569
OSCR,2025-11-24,16.25,16.95,15.53,16.49,58670763.0,13.48,0.20548961424332335,0.2574183976261126,967480881.8699999,14440639.1,4.062892410350454
PATH,2025-05-30,14.86,14.985,12.91,13.31,47394650.0,12.94,0.14837712519319934,0.1580370942812983,630822791.5,9611000.25,4.931292141002702
PATH,2025-09-30,15.18,15.18,13.34,13.38,80835381.0,12.56,0.20859872611464958,0.20859872611464958,1081577397.78,14714950.95,5.493418311394372
PATH,2025-10-06,14.19,15.22,13.91,14.52,61163247.0,12.9,0.09999999999999987,0.17984496124031013,888090346.4399999,18068407.55,3.3850933919187582
PATH,2025-10-09,16.44,18.74,16.19,18.51,99862094.0,15.58,0.0551989730423621,0.2028241335044929,1848447359.94,22988053.8,4.344086492437215
PATH,2025-12-04,16.1,18.7,15.75,18.48,94766949.0,14.86,0.08344549125168244,0.25841184387617755,1751293217.52,16885683.25,5.612266178213428
PD,2025-03-14,16.52,18.45,16.51,18.38,4365841.0,15.61,0.058295964125560484,0.18193465727098013,80244157.58,1106098.65,3.9470629495841085
PD,2025-07-25,14.81,18.0,14.64,15.72,9223831.0,14.71,0.00679809653297081,0.22365737593473822,144998623.32,1409448.55,6.544283578141252
PD,2026-05-29,9.33,10.015,8.69,9.95,8869287.0,7.44,0.254032258064516,0.3461021505376345,88249405.64999999,1784477.1,4.970244224484584
PENN,2026-02-26,13.51,14.7,13.2613,14.64,14644829.0,12.54,0.07735247208931417,0.1722488038277512,214400296.56,4418983.25,3.314072077553134
PENN,2026-04-23,15.5,17.28,15.16,17.26,11322197.0,14.77,0.049424509140149064,0.16993906567366301,195421120.22000003,3592774.2,3.1513800672471985
PGNY,2025-02-28,26.55,26.76,21.59,22.53,5180934.0,22.88,0.16040209790209792,0.1695804195804198,116726443.02000001,1548958.35,3.34478586851609
PGNY,2026-05-08,23.39,23.76,21.1923,23.72,4411517.0,19.16,0.22077244258872653,0.24008350730688943,104641183.24,1403353.6,3.1435534137654257
PINS,2025-02-07,40.89,40.9,38.85,40.0,50875917.0,33.59,0.217326585293242,0.2176242929443286,2035036680.0,11121769.75,4.574444368442352
PINS,2026-05-05,24.71,24.71,22.065,22.28,59020996.0,20.85,0.18513189448441247,0.18513189448441247,1314987790.88,14161104.1,4.167824456569033
PL,2024-11-13,2.7,3.19,2.69,3.0,7939203.0,2.63,0.026615969581749166,0.21292775665399244,23817609.0,1663870.3,4.771527564378065
PL,2024-12-02,4.2,4.59,4.07,4.51,13657211.0,3.93,0.06870229007633588,0.16793893129770976,61594021.61,3431273.8,3.980216035222838
PL,2025-01-24,4.85,5.55,4.81,5.44,14452873.0,4.74,0.02320675105485215,0.1708860759493669,78623629.12,4015510.65,3.599261528543076
PL,2025-06-05,5.22,6.45,5.01,5.96,68390494.0,3.99,0.30827067669172914,0.6165413533834585,407607344.24,3823341.0,17.88762603178738
PL,2025-06-12,6.25,6.28,5.26,5.46,27345319.0,5.43,0.15101289134438312,0.15653775322283625,149305441.74,8954133.9,3.053932329513187
PL,2025-07-01,7.13,7.7191,6.1,6.16,43956027.0,6.1,0.16885245901639356,0.26542622950819683,270769126.32,13822498.3,3.1800349000585513
PL,2025-09-08,7.705,9.7081,7.29,9.66,64238873.0,6.53,0.17993874425727419,0.4866921898928025,620547513.1800001,6362125.9,10.09707667055127
PL,2025-12-11,15.79,17.975,15.01,17.47,58974671.0,12.94,0.22024729520865538,0.3891035548686246,1030287502.3699999,7508486.35,7.854402105958414
PL,2026-03-20,33.55,36.28,32.2606,33.83,63704745.0,26.96,0.24443620178041536,0.3456973293768546,2155131523.35,10702935.15,5.952081752079008
PLTR,2024-11-05,47.86,51.575,46.86,51.13,208868200.0,41.41,0.15575947838686321,0.24547210818642862,10679431066.0,46356523.5,4.505691631513308
PLTR,2025-02-04,102.8,106.91,100.51,103.83,230806794.0,83.74,0.22760926677812288,0.2766897540004778,23964669421.02,71435871.0,3.230964930769865
PLTR,2026-08-04,145.145,164.52,143.28,162.66,175034726.0,125.65,0.1551532033426184,0.30935137286112213,28471148531.16,36059375.9,4.854069756653775
POWI,2025-10-13,35.086056,42.496388,35.036916,42.407936,7338226.0,34.044285,0.030600466421897066,0.24826789577163977,311199018.561536,740851.7,9.905121362345527
POWI,2026-05-26,78.709441,84.336865,77.482632,83.532238,3881219.0,70.380058,0.11834862369678634,0.19830627306388404,324206909.23812205,1245159.4,3.117045897898695
PRGO,2025-02-28,24.443014,26.104962,24.071728,25.636434,7581954.0,21.331281,0.14587651815191038,0.2237878259631947,194374263.312036,1398244.15,5.4224821895375
PRMB,2026-02-26,21.165531,22.888307,20.525643,22.297641,19471160.0,19.324622,0.09526235493765411,0.18441162781864495,434160935.53356,5480488.75,3.552814518595627
PSKY,2026-02-27,11.094126,13.86147,10.871353,13.376318,91699563.0,11.069374,0.002236079474774222,0.2522361246444469,1226602515.149034,9073929.9,10.105826693679878
PUMP,2024-12-10,8.49,9.655,8.38,9.29,4344055.0,7.88,0.0774111675126905,0.2252538071065988,40356270.949999996,1155939.35,3.7580302115331565
PUMP,2025-10-29,9.0,11.28,8.55,11.1,25627018.0,7.3,0.23287671232876717,0.5452054794520547,284459899.8,2269282.15,11.293006469028102
PURR,2026-01-27,4.05,4.63,4.05,4.35,8002161.0,3.74,0.08288770053475925,0.23796791443850251,34809400.349999994,1537988.5,5.203004443791355
PURR,2026-01-28,5.01,5.12,4.32,4.65,5834948.0,4.35,0.15172413793103456,0.17701149425287377,27132508.200000003,1899080.85,3.0725116310872176
PURR,2026-06-01,11.62,11.62,10.38,10.87,41643546.0,9.99,0.16316316316316315,0.16316316316316315,452665345.02,13552627.8,3.072728522803526
PURR,2026-08-19,7.26,9.4375,6.8903,9.39,62000006.0,7.2,0.008333333333333304,0.31076388888888884,582180056.34,7189246.6,8.623992116225365
PYPL,2026-07-15,54.709866,55.742316,53.308328,55.383203,90995140.0,47.253284,0.15780029172152354,0.17964956678989763,5039602310.63342,16240642.25,5.60292743348866
QBTS,2024-10-18,1.05,1.21,1.03,1.17,13411413.0,1.04,0.009615384615384581,0.16346153846153832,15691353.209999999,3035641.15,4.4179836605522365
QBTS,2024-10-23,1.19,1.39,1.15,1.19,13359570.0,1.2,-0.008333333333333304,0.15833333333333321,15897888.299999999,4320835.25,3.091895253354082
QBTS,2024-11-14,1.76,2.15,1.6,1.87,34690049.0,1.78,-0.011235955056179803,0.2078651685393258,64870391.63,10448364.8,3.320141444525367
QBTS,2024-11-22,2.24,3.0,1.97,2.93,84835631.0,1.97,0.13705583756345185,0.5228426395939088,248568398.83,13463744.15,6.301043012615477
QBTS,2024-11-25,3.42,3.77,2.7,2.89,103614218.0,2.93,0.1672354948805459,0.2866894197952219,299445090.02000004,17132629.85,6.047770768829165
QBTS,2024-12-16,5.1,7.7,4.84,7.23,163895273.0,5.0,0.020000000000000018,0.54,1184962823.79,49435118.2,3.315361204092357
QBTS,2024-12-17,8.09,9.42,7.23,8.4,174215727.0,7.23,0.11894882434301524,0.3029045643153525,1463412106.8,56967655.9,3.058151581764487
QBTS,2024-12-18,8.15,10.5,8.0,8.96,214157612.0,8.4,-0.029761904761904767,0.25,1918852203.5200002,65051032.75,3.2921477637878085
QBTS,2025-03-14,7.7,10.2,7.62,10.15,261242342.0,6.91,0.11432706222865407,0.47612156295224306,2651609771.3,61052720.15,4.278963187195518
QBTS,2025-05-08,8.67,10.89,7.71,10.42,228913468.0,6.89,0.258345428156749,0.5805515239477506,2385278336.56,27392336.25,8.356843531372757
QBTS,2025-05-20,15.34,17.59,14.6,16.56,308820196.0,13.15,0.16653992395437256,0.33764258555133075,5114062445.759999,63847247.55,4.836859972047456
QBTS,2025-09-17,18.98,22.85,18.93,22.54,126852159.0,18.98,0.0,0.20389884088514232,2859247663.8599997,32045541.65,3.958496329551041
QBTS,2026-04-15,18.525,21.04,17.77,20.81,98957458.0,16.97,0.09163229228049508,0.23983500294637605,2059304700.9799998,20553384.85,4.814655042086656
QBTS,2026-05-21,21.76,25.83,21.61,25.74,119132464.0,19.3,0.1274611398963732,0.3383419689119169,3066469623.3599997,25825466.75,4.612983964752544
QBTS,2026-05-22,26.34,31.55,26.11,29.4,141703186.0,25.74,0.02331002331002341,0.22571872571872587,4166073668.3999996,30306809.3,4.675622055667866
QCOM,2025-10-27,165.503423,201.748624,165.376075,183.851331,81799263.0,165.493627,5.9192611688851926e-05,0.21907186190317773,15038903377.369053,7473295.35,10.945541313311002
QCOM,2026-04-30,170.488995,185.194253,162.076025,177.950676,61132672.0,154.584616,0.10288461692721085,0.19801218123800868,10878600308.086271,14041954.9,4.353572735089756
QDEL,2024-11-08,41.77,46.0,41.505,43.75,2488807.0,38.85,0.07516087516087522,0.18404118404118397,108885306.25,532346.9,4.675160125850268
QDEL,2025-05-08,28.66,37.24,28.5401,36.46,6903349.0,25.85,0.10870406189555126,0.4406189555125726,251696104.54,1754948.7,3.9336471772650676
QDEL,2026-06-29,17.0,19.8,16.73,18.23,6604079.0,13.79,0.23277737490935468,0.43582306018854267,120392360.17,1715557.05,3.849524561133073
QXO,2024-11-18,15.52,17.81,15.035,15.5,8184481.0,15.4,0.007792207792207684,0.15649350649350646,126859455.5,1809014.45,4.524276188064722
QXO,2026-01-05,20.47,23.795,20.4,23.3,25201930.0,19.72,0.038032454361054846,0.2066430020283978,587204969.0,6652059.95,3.7885903298270787
RAMP,2025-05-22,32.08,35.2,31.22,33.5,2661924.0,28.07,0.1428571428571428,0.2540078375489847,89174454.0,487615.0,5.459069142663782
RAMP,2026-05-18,37.8,37.91,37.72,37.77,13097578.0,29.66,0.2744436952124072,0.2781523937963586,494695521.06000006,499525.3,26.22004931481949
RARE,2025-12-30,19.85,22.87,19.8,22.78,11045719.0,19.72,0.006592292089249607,0.15973630831643004,251621478.82000002,2520318.55,4.382667817923254
RBLX,2024-10-31,51.12,52.65,48.0,51.72,37475785.0,43.14,0.18497913769123775,0.2204450625869263,1938247600.2,7577971.4,4.945358463612043
RBLX,2025-07-31,149.6,150.59,135.65,137.79,24665775.0,124.94,0.19737473987513998,0.20529854330078434,3398697137.25,8045811.75,3.0656664319793463
RCUS,2026-03-02,20.47,24.74,20.29,23.94,3229941.0,20.37,0.004909180166912108,0.2145311732940598,77324787.54,1076064.45,3.0016241127564434
RCUS,2026-04-22,25.0,28.72,24.85,26.62,4112699.0,24.52,0.019575856443719397,0.17128874388254478,109480047.38000001,1116914.15,3.682197955859007
RDW,2024-11-11,9.4,10.5,9.35,10.38,1544177.0,9.02,0.04212860310421296,0.16407982261640797,16028557.260000002,477312.95,3.235145830424253
RDW,2025-01-21,15.96,22.5,15.93,22.33,10564864.0,14.75,0.08203389830508478,0.5254237288135593,235913413.11999997,1215350.05,8.692856844001446
RDW,2025-05-27,13.59,16.47,13.33,15.93,5476538.0,13.0,0.04538461538461536,0.2669230769230768,87241250.34,1428503.05,3.8337601029273265
RDW,2025-06-04,15.395,18.051,15.16,17.02,6077628.0,14.84,0.03739892183288407,0.21637466307277609,103441228.56,1883047.55,3.2275488741641176
RDW,2025-12-19,7.3,8.4,7.2,8.0,35334807.0,7.02,0.03988603988603989,0.19658119658119677,282678456.0,8460763.45,4.176314254477828
RDW,2026-01-27,12.225,14.55,11.73,14.2,96120613.0,10.96,0.11541970802919699,0.32755474452554734,1364912704.6,26773911.1,3.5900848643663417
RGTI,2024-10-21,1.17,1.3,1.09,1.28,13311291.0,1.11,0.054054054054053946,0.1711711711711712,17038452.48,3261618.7,4.081191648796961
RGTI,2024-10-28,1.27,1.54,1.25,1.5,15633308.0,1.22,0.040983606557376984,0.2622950819672132,23449962.0,4755274.5,3.287572147517457
RGTI,2024-10-29,1.6,1.73,1.4,1.46,18426187.0,1.5,0.06666666666666665,0.15333333333333332,26902233.02,5438995.3,3.3877924108520556
RGTI,2024-11-22,1.69,1.8498,1.54,1.74,96688138.0,1.48,0.14189189189189189,0.24986486486486492,168237360.12,14057754.65,6.877921859306315
RGTI,2024-11-25,2.63,3.37,2.37,2.75,274215753.0,1.74,0.5114942528735631,0.9367816091954024,754093320.75,18503720.2,14.819493055239779
RGTI,2024-12-10,4.33,6.89,4.28,6.49,248708844.0,4.47,-0.031319910514541305,0.5413870246085011,1614120397.56,73705138.8,3.3743758990112642
RGTI,2024-12-11,7.95,7.96,5.78,7.38,313253243.0,6.49,0.2249614791987673,0.22650231124807396,2311808933.34,85289017.2,3.672843858259396
RGTI,2025-05-14,10.22,12.39,10.18,11.64,132878296.0,9.865,0.03598580841358334,0.2559553978712621,1546703365.44,33740251.15,3.9382722852079306
RGTI,2025-05-22,11.032,14.44,10.94,13.86,165197066.0,10.96,0.006569343065693456,0.31751824817518237,2289631334.7599998,52635383.25,3.138517396470178
RGTI,2025-07-16,13.8,16.84,13.78,16.56,193609369.0,12.72,0.08490566037735858,0.3238993710691822,3206171150.64,35682965.3,5.425820622592709
RGTI,2026-04-15,17.875,19.51,17.181,19.11,77175299.0,16.87,0.05957320687611145,0.15649081209247195,1474819963.8899999,24749995.35,3.118194484832499
RGTI,2026-05-21,18.685,22.1,18.4,22.04,148238517.0,16.88,0.10693127962085303,0.30924170616113766,3267176914.68,26954283.25,5.4996274849935025
RGTI,2026-05-22,22.96,27.785,22.66,26.42,204233224.0,22.04,0.04174228675136127,0.26066243194192373,5395841778.08,32986268.95,6.191461796105922
RIOT,2024-11-11,14.06,15.87,13.825,14.97,82491023.0,12.81,0.09758001561280238,0.23887587822014034,1234890614.31,25373115.0,3.2511192654114405
RIOT,2026-01-16,17.73,19.39,17.3,19.24,53701058.0,16.57,0.07000603500301761,0.17018708509354252,1033208355.92,15033516.05,3.5720890456627408
RIOT,2026-08-11,23.57,23.66,19.34,20.24,76369611.0,19.4,0.21494845360824755,0.2195876288659795,1545720926.6399999,18888515.65,4.0431769449284385
RIVN,2024-11-13,11.75,13.1,11.46,12.03,119810166.0,10.58,0.11058601134215507,0.23818525519848777,1441316296.98,30371771.1,3.9447869406601708
RIVN,2025-01-03,13.91,16.65,13.71,16.49,124581775.0,13.25,0.04981132075471706,0.2566037735849056,2054353469.7499998,36310073.35,3.431052694362018
RIVN,2025-11-05,13.335,15.85,13.26,15.42,197650564.0,12.5,0.06679999999999997,0.268,3047771696.88,33978846.4,5.8168709341468405
RIVN,2026-02-13,17.77,18.48,16.4,17.73,127927317.0,14.0,0.26928571428571435,0.32000000000000006,2268151330.41,26052384.35,4.910388058204737
RKLB,2024-11-13,19.24,22.55,18.65,18.83,121001251.0,14.66,0.3124147339699863,0.538199181446112,2278453556.33,14048940.9,8.61283792574001
RKLB,2025-01-21,26.0,31.64,25.52,31.27,62027703.0,24.0,0.08333333333333326,0.31833333333333336,1939606272.81,16571483.5,3.743038636221072
RKLB,2026-05-08,86.035,105.62,85.87,105.47,79927310.0,78.58,0.0948714685670653,0.3441079155001274,8429933385.7,21702221.0,3.6829092285070733
RKT,2025-04-02,13.15,14.55,12.83,13.86,34939319.0,12.6,0.04365079365079372,0.15476190476190488,484258961.34,11094620.65,3.1492125870928267
RMBS,2025-09-11,77.85,89.98,77.85,88.58,4971162.0,77.11,0.00959668006743608,0.1669044222539231,440345529.96,1235866.25,4.02241100119046
RMBS,2025-09-15,88.125,100.73,88.125,94.88,5403865.0,86.03,0.024351970242938448,0.17087062652563056,512718711.2,1506457.8,3.587133340210393
RMBS,2026-01-21,120.81,131.12,120.0,125.93,5947591.0,110.1,0.09727520435967318,0.1909173478655768,748980134.63,1516381.4,3.9222262947830937
ROIV,2026-02-06,24.475,25.95,23.973,25.82,24052001.0,21.14,0.15775780510879844,0.22753074739829704,621022665.82,5576707.85,4.312939039831538
S,2025-07-21,19.39,21.4,18.945,19.78,41278887.0,18.01,0.07662409772348688,0.1882287617990004,816496384.86,5485392.45,7.525238599838011
SE,2024-11-12,109.55,117.52,107.19,107.65,14162099.0,97.46,0.12405089267391745,0.2058280320131336,1524549957.3500001,2979631.8,4.7529694776381435
SE,2025-08-12,166.5,178.0,165.8,174.12,19418596.0,146.23,0.1386172468029816,0.21726048006565013,3381165935.52,4331519.85,4.483090617719321
SE,2026-05-12,94.71,98.0965,90.25,96.02,14999652.0,84.87,0.1159420289855071,0.15584423235536704,1440266585.04,4086039.65,3.6709511617196373
SGHC,2024-11-06,4.342458,4.704329,3.906356,4.574426,2142386.0,3.887799,0.11694508898222367,0.21002371778993734,9800186.220436,284187.0,7.53864884741385
SGHC,2025-01-24,6.885756,7.569488,6.871509,7.503099,2145868.0,6.467862,0.06461084049103083,0.17032305265634906,16100660.044932,409890.9,5.235217468843539
SHOO,2025-11-05,34.818928,37.358731,32.978063,36.738547,4047949.0,32.328346,0.07704019252949079,0.15560291887497102,148715764.590103,1308834.85,3.0927882154115927
SHOP,2024-11-12,107.52,114.51,106.0,108.92,63946173.0,89.99,0.1947994221580176,0.2724747194132682,6965017163.16,5599424.25,11.420133596771132
SHOP,2025-08-06,145.16,156.3899,145.11,154.9,38572096.0,127.0,0.14299212598425193,0.23141653543307106,5974817670.400001,7823138.7,4.930514142616441
SHOP,2026-08-05,150.0,153.88,142.52,144.24,41541496.0,123.3,0.2165450121654502,0.24801297648012977,5991945383.04,8765640.8,4.739128256316412
SMCI,2025-02-10,38.0,42.88,37.36,42.65,134627844.0,36.28,0.047409040793825685,0.18191841234840145,5741877546.599999,39422780.0,3.4149759098673407
SMCI,2025-02-19,59.04,66.4399,55.61,60.25,337992654.0,55.8,0.058064516129032295,0.19067921146953393,20364057403.5,74054049.9,4.564134634856749
SMCI,2025-05-14,45.925,46.57,43.08,45.0,169224142.0,38.89,0.18089483157624064,0.19748007199794282,7615086390.0,47486259.9,3.5636443543114247
SMCI,2026-02-04,32.95,34.94,31.7,33.76,115558234.0,29.67,0.11054937647455354,0.17762049207954145,3901245979.8399997,32168797.5,3.5922459955178616
SMCI,2026-05-06,31.44,34.71,31.12,34.66,127295696.0,27.83,0.12971613366870294,0.24721523535752787,4412068823.36,31257591.55,4.072472947775786
SMCI,2026-07-22,28.89,32.2844,28.5,30.56,163015097.0,25.5,0.13294117647058834,0.2660549019607843,4981741364.32,41570181.15,3.921443026956836
SMCI,2026-08-12,34.99,38.15,33.9401,37.61,165979930.0,31.6,0.10727848101265813,0.20727848101265822,6242505167.3,49155701.4,3.3766160439732835
SMMT,2025-04-10,17.77,21.25,17.76,20.15,8483501.0,18.23,-0.025233132199670938,0.16566099835436088,170942545.14999998,2615967.5,3.242968805996252
SMMT,2026-04-21,25.22,29.23,24.92,26.38,10194535.0,25.12,0.003980891719745028,0.16361464968152872,268931833.3,3046132.2,3.3467145647848113
SNDK,2025-09-04,55.67,62.65,55.55,62.5,10189014.0,53.01,0.05017921146953408,0.1818524806640256,636813375.0,2724240.95,3.7401295212158083
SNDK,2026-01-06,288.745,352.0,288.5,349.63,24249692.0,274.08,0.053506275539988435,0.284296555750146,8478419813.96,7691353.8,3.1528509324327274
SNOW,2024-11-21,161.26,174.6484,161.16,171.35,55121595.0,129.12,0.2489157372986368,0.3526053283767039,9445085303.25,5430540.65,10.150295993088644
SNOW,2025-08-28,222.0,249.99,218.09,241.0,42740954.0,200.39,0.10783971256050706,0.24751734118469004,10300569914.0,5078535.2,8.416000345926518
SNOW,2026-05-28,237.0,244.92,229.49,239.2,39582273.0,175.26,0.3522766175967136,0.3974666210201985,9468079701.6,8108447.8,4.881609153357317
SNOW,2026-09-03,377.245,384.56,355.47,356.47,21835875.0,305.84,0.2334717499346064,0.25738948469788125,7783834361.250001,4323451.3,5.050565736683561
SOFI,2025-07-29,23.11,25.11,22.255,22.4,236127444.0,21.02,0.09942911512844899,0.19457659372026637,5289254745.599999,69734131.55,3.3861100547397585
SUPN,2025-08-06,39.15,43.615,38.26,42.44,3814761.0,37.53,0.043165467625899234,0.16213695710098586,161898456.84,797920.65,4.780877647420204
SUPN,2026-08-03,50.45,52.4999,44.17,46.0,4518516.0,44.63,0.1304055568003586,0.17633654492493833,207851736.0,695307.7,6.4985847273085
SWKS,2025-10-28,82.970184,88.045642,77.623518,77.73975,11143942.0,73.458542,0.12948313077055085,0.1985759532227036,866327265.0945001,2061675.15,5.405285114873699
SXC,2024-10-31,8.582417,9.319968,8.573477,9.217158,1630902.0,7.706295,0.11368913336434683,0.20939673344973153,15032281.416515999,543628.95,3.00002786827302
TAL,2025-01-23,10.75,11.09,10.24,11.07,28603173.0,9.13,0.1774370208105147,0.21467688937568452,316637125.11,5244310.85,5.454133787664398
TAL,2026-01-29,11.86,12.88,11.6,12.7,15093154.0,10.76,0.1022304832713754,0.1970260223048328,191683055.79999998,3378165.2,4.4678555092569185
TAL,2026-07-30,12.465,12.5695,11.475,12.34,11423892.0,10.89,0.14462809917355357,0.15422405876951317,140970827.28,3670732.95,3.112155571001154
TEM,2024-11-06,45.96,59.16,45.51,56.97,3135586.0,44.5,0.03280898876404503,0.3294382022471909,178634334.42,846069.85,3.7060604393360665
TEM,2025-01-21,42.84,49.83,41.75,47.64,33902978.0,35.15,0.2187766714082504,0.41763869132290177,1615137871.92,3921132.65,8.646220627093552
TEM,2026-01-12,75.34,76.33,68.32,69.26,16043679.0,66.27,0.13686434283989746,0.15180322921382228,1111185207.5400002,4100172.35,3.912927952894468
TEM,2026-08-19,55.98,61.98,54.81,61.25,22543630.0,49.36,0.1341166936790923,0.2556726094003241,1380797337.5,4680302.1,4.816704032844376
TEVA,2024-12-17,19.83,21.05,19.03,20.88,57818888.0,16.51,0.20109024833434264,0.27498485766202285,1207258381.44,8016536.2,7.212452679999124
TEVA,2025-11-05,23.06,25.0,22.7,24.6,56470122.0,20.46,0.1270772238514173,0.2218963831867058,1389165001.2,8972338.35,6.293802105668474
TGTX,2025-03-03,30.33,36.4,30.28,34.42,13500039.0,30.09,0.007976071784645988,0.20970422067131933,464671342.38,1633404.55,8.264969630456827
TGTX,2026-01-14,31.16,33.24,28.45,29.54,8728244.0,27.87,0.11804808037316117,0.1926803013993541,257832327.76,1876008.0,4.6525622492014955
TGTX,2026-05-06,36.25,42.09,36.25,41.97,6593807.0,36.1,0.0041551246537396835,0.16592797783933522,276742079.79,1796668.05,3.67001962326875
TOST,2024-11-08,38.39,38.4,34.71,37.48,28795314.0,32.67,0.17508417508417495,0.17539026629935717,1079248368.72,5817136.65,4.950083818299162
TOST,2025-05-09,39.835,42.64,39.75,40.84,24000475.0,36.65,0.08690313778990455,0.1634379263301502,980179399.0000001,6492104.05,3.6968715866468593
TTD,2025-05-09,69.75,75.77,68.98,71.04,48903743.0,59.9,0.164440734557596,0.26494156928213686,3474121902.7200003,9478966.45,5.159185155676968
TTD,2026-03-05,31.489,32.9,29.2522,29.79,82707390.0,25.17,0.2510528406833532,0.3071116408422725,2463853148.1,18906992.0,4.374434071797354
TXN,2026-04-23,257.674727,281.243684,256.68485,279.372818,25659066.0,233.917693,0.10156150950069431,0.20231898832894157,7168445575.667988,5883926.15,4.360874923625613
U,2025-01-02,25.18,26.08,23.36,24.51,33318815.0,22.47,0.12060525144637291,0.1606586559857588,816644155.6500001,10442356.7,3.190737106308579
U,2025-02-20,24.68,28.01,24.49,28.0,64160011.0,21.47,0.14951094550535626,0.30461108523521196,1796480308.0,8152615.55,7.869868339369934
U,2025-05-28,21.825,25.34,21.825,24.54,39242001.0,21.81,0.0006877579092159358,0.16185236130215497,962998704.54,10142067.05,3.8692310755330688
U,2025-05-30,25.0,27.73,24.81,26.08,46642386.0,23.77,0.051745898190997064,0.16659655027345388,1216433426.8799999,12171744.5,3.8320214493493516
U,2025-07-16,32.2396,34.55,32.05,33.94,40151317.0,29.69,0.08587403166049179,0.16369147861232713,1362735698.98,12072664.35,3.325804133699783
U,2025-11-05,42.1,42.66,37.6628,42.36,41067847.0,35.87,0.17368274323947608,0.18929467521605803,1739633998.92,8793983.45,4.66999366481637
U,2026-03-27,20.225,20.33,18.15,19.45,54029349.0,17.13,0.18067717454757748,0.18680677174547577,1050870838.05,13724452.95,3.9367214997083
U,2026-08-06,36.01,41.66,34.8,40.81,41035822.0,35.47,0.015224133070200097,0.17451367352692415,1674671895.8200002,8723747.25,4.703921471360831
UEC,2025-05-23,6.0,6.53,5.76,6.45,67071044.0,5.16,0.16279069767441867,0.2655038759689923,432608233.8,8828982.85,7.596689804420676
UMC,2025-03-31,6.084299,7.277117,6.065806,6.611358,50395060.0,6.056559,0.004580158469520423,0.2015266424383877,333179783.09148,14632572.2,3.4440328953237627
USAR,2025-03-14,10.23,19.03,9.4139,18.55,381336.0,10.785,-0.05146036161335188,0.7644877144181734,7073782.8,34362.35,11.09749478717259
USAR,2025-03-18,15.0,18.4,14.1603,17.35,352637.0,14.13,0.06157112526539277,0.3021939136588816,6118251.95,72796.75,4.844131091017113
USAR,2025-04-04,8.5,10.5,7.27,7.55,7426456.0,6.5,0.3076923076923077,0.6153846153846154,56069742.8,263655.1,28.167314040198733
USAR,2025-04-14,9.72,13.4,9.0,11.75,11478981.0,8.31,0.16967509025270755,0.6125150421179302,134878026.75,831564.75,13.804073585370231
USAR,2025-04-15,14.31,15.0,12.5,13.52,9305796.0,11.75,0.21787234042553205,0.27659574468085113,125814361.92,1384338.15,6.722198618885133
USAR,2025-04-16,14.7635,18.55,14.31,15.66,12266871.0,13.52,0.09197485207100597,0.3720414201183433,192099199.86,1831996.1,6.695904538224727
USAR,2025-06-04,9.43,10.8,9.01,10.35,3823921.0,9.08,0.03854625550660784,0.18942731277533054,39577582.35,765663.05,4.994260856652283
USAR,2025-06-09,12.0,13.6152,11.7,13.08,4772885.0,11.55,0.03896103896103886,0.17880519480519474,62429335.8,1214981.95,3.9283587710912085
USAR,2025-06-12,12.52,15.0295,12.52,14.53,6554451.0,12.45,0.005622489959839383,0.20718875502008038,95236173.03,1743591.2,3.7591672864602668
USAR,2025-07-10,11.64,11.71,10.81,11.0,8116348.0,9.79,0.18896833503575095,0.19611848825332,89279828.0,2540454.9,3.194840420115311
USAR,2025-07-15,12.7,15.84,12.2836,15.54,16060167.0,11.85,0.07172995780590719,0.3367088607594937,249574995.17999998,2673072.95,6.008128958844913
USAR,2025-10-02,18.51,23.37,18.5,22.71,24643136.0,18.41,0.005431830526887671,0.269418794133623,559645618.5600001,6047222.85,4.075116232900198
USAR,2025-10-03,26.09,28.25,25.01,25.96,41452643.0,22.71,0.14883311316600611,0.24394539850286212,1076110612.28,7160520.55,5.789054400521202
USAR,2025-10-10,34.235,37.85,31.31,32.61,50624765.0,31.07,0.1018667524943675,0.21821692951400062,1650873586.6499999,12569812.85,4.027487569156609
USAR,2025-10-13,38.57,43.98,37.5,38.68,49823394.0,32.61,0.1827660226924257,0.3486660533578656,1927168879.92,14952411.05,3.332131108046284
USAR,2026-01-26,30.56,32.07,25.8,26.72,122598255.0,24.77,0.23375050464271285,0.29471134436818747,3275825373.6,13629884.0,8.994812795178595
USAR,2026-04-20,21.4,23.69,21.27,22.58,43419517.0,19.95,0.07268170426065157,0.187468671679198,980412693.8599999,12939110.05,3.35568032362473
UUUU,2024-10-16,5.9,6.7275,5.8621,6.6,11187652.0,5.72,0.03146853146853168,0.17613636363636376,73838503.2,3058846.1,3.657474627442028
UUUU,2025-05-23,5.0,5.44,4.74,5.4,33177758.0,4.5,0.11111111111111116,0.2088888888888889,179159893.20000002,7517692.75,4.413289968521259
VET,2026-03-19,12.700815,14.569749,12.700815,14.297092,11708317.0,12.50252,0.015860402542847263,0.16534498645073148,167394885.31416398,2362491.8,4.9559185771565435
VFC,2024-10-29,19.561631,21.12714,18.97878,20.838123,29999612.0,16.406529,0.19230770871766967,0.2877275869868636,625135604.8082759,6876888.5,4.362381620699536
VFC,2025-07-30,14.682138,15.073661,12.430877,12.450453,28631971.0,12.137234,0.20967742732817052,0.2419354360309771,356481009.232863,7630200.3,3.752453392344104
VG,2026-03-02,11.169219,11.882254,10.909934,11.348724,46305504.0,9.663369,0.15583074598517355,0.22961815904991312,525508384.576896,9413803.35,4.918894338280394
VG,2026-03-03,13.263448,13.39309,11.199137,11.428504,50792824.0,11.348724,0.1687171174486224,0.18014060435340573,580485992.255296,11140014.85,4.559493383440149
VIAV,2025-01-31,12.12,12.907,11.88,12.04,17601288.0,9.99,0.21321321321321318,0.291991991991992,211919507.51999998,1463235.2,12.029021718449638
VIAV,2025-08-08,12.4,12.5,10.81,10.93,10212464.0,10.16,0.22047244094488194,0.2303149606299213,111622231.52,1680293.5,6.077785815394751
VIAV,2025-10-30,15.85,17.43,15.8,17.1,19891029.0,13.98,0.13376251788268956,0.24678111587982832,340136595.90000004,3032905.45,6.558407219717317
VIAV,2026-01-29,23.01,24.95,22.8,24.7,15626199.0,21.03,0.09415121255349512,0.18640038040893958,385967115.3,4039321.2,3.8685210277409974
VIAV,2026-03-02,30.15,35.61,29.54,35.35,17421465.0,29.71,0.014809828340625941,0.19858633456748565,615848787.75,5171718.0,3.3686030444815436
VIAV,2026-04-30,59.99,60.43,49.26,52.4,21290207.0,45.53,0.3175927959587086,0.3272567537887108,1115606846.8,5743347.6,3.706933391947233
VRT,2026-02-11,233.146812,249.839324,232.896923,248.400061,19793450.0,199.53169,0.16847009114191347,0.25212854158655196,4916694187.40045,5117452.2,3.867832903256038
VSXY,2025-12-05,48.57,50.2199,45.915,49.05,12135116.0,41.57,0.16839066634592248,0.20808034640365647,595227439.8,2340749.65,5.184286153796926
VSXY,2026-06-02,78.53,81.28,74.26,80.06,9958362.0,54.3,0.4462246777163905,0.4968692449355434,797266461.72,2434237.5,4.090957435336527
VTRS,2024-11-07,10.880694,12.382432,10.75171,12.142891,22179128.0,10.696431,0.017226587073763122,0.15762276220918903,269318733.779048,5129765.65,4.323614276609303
WBD,2025-09-11,12.585,17.2398,12.565,16.17,298443335.0,12.54,0.0035885167464115852,0.37478468899521533,4825828726.950001,49491184.1,6.030232261102841
WBD,2025-09-12,17.53,19.33,17.22,18.87,286212696.0,16.17,0.08410636982065545,0.19542362399505242,5400833573.52,61404662.75,4.661090594459783
WDAY,2026-08-13,177.44,227.49,174.595,206.45,16323860.0,175.29,0.01226538878430028,0.29779223001882604,3370060897.0,4448912.25,3.6691800338386087
WFC,2024-11-06,70.174795,71.103439,66.967625,69.380183,63689141.0,61.338324,0.14406117454399303,0.15920087741556155,4418764257.692803,18024832.5,3.533410976218503
WSE,2026-05-11,15.96,17.47,14.88,15.4,482462.0,14.26,0.1192145862552596,0.22510518934081336,7429914.8,2188.0,220.5036563071298
WTTR,2024-11-06,10.825864,13.528012,10.825864,13.407564,3920341.0,10.681903,0.013477092986146744,0.2664421311446097,52562222.859324,667325.55,5.874705381803529
WTTR,2026-02-18,14.485751,15.309538,14.044082,14.302136,3318483.0,13.160744,0.10067873062495569,0.16327298821404024,47461395.179688,871706.2,3.8068824106103643
WTTR,2026-08-05,19.932367,22.473744,19.135072,22.184725,6975465.0,18.43744,0.08108105029765533,0.2189188954648802,154748772.772125,1581011.9,4.412025614734462
WULF,2025-08-14,7.2,8.76,6.74,8.71,289277452.0,5.46,0.31868131868131866,0.6043956043956045,2519606606.92,38598928.0,7.494442643588444
WULF,2025-08-18,10.01,10.7099,9.3,9.38,161975800.0,8.97,0.1159420289855071,0.19396878483834978,1519333004.0000002,53972315.7,3.0010904275504338
WULF,2025-10-28,14.64,17.05,14.63,15.94,114842751.0,13.64,0.07331378299120228,0.25,1830593450.94,35842102.9,3.2041298279962254
XENE,2026-03-09,60.56,62.9149,58.0,62.76,11518077.0,41.94,0.44396757272293774,0.5001168335717694,722874512.52,932038.6,12.357939896480682
Z,2024-11-07,68.545,74.05,67.935,72.63,11628249.0,58.68,0.16811520109066125,0.2619291070211316,844559724.87,2773392.75,4.1927884177241035
ZM,2025-11-25,83.6,91.04,81.56,86.34,12606393.0,78.6,0.06361323155216292,0.1582697201017813,1088435971.6200001,2816987.85,4.475132187737338
