date,spy_below_sma20,spy_below_sma50,spy_rv10,spy_ret5
2021-11-23,,,,
2021-11-24,False,False,,
2021-11-26,False,False,,
2021-11-29,False,False,,
2021-11-30,False,False,,
2021-12-01,False,False,,
2021-12-02,False,False,,-0.03778380506947587
2021-12-03,False,False,,-0.02564758073446083
2021-12-06,False,False,,-0.01209229153034408
2021-12-07,False,False,,-0.012505382568778312
2021-12-08,False,False,,0.02792167829713388
2021-12-09,False,False,0.2390535333148859,0.04221975630276531
2021-12-10,False,False,0.24120208266679474,0.01956711749336515
2021-12-13,False,False,0.2119027422873057,0.03819857954333217
2021-12-14,False,False,0.2114979819130626,0.016957650340366337
2021-12-15,False,False,0.18616869965312108,-0.010506533997909129
2021-12-16,False,False,0.18276652412872132,0.0023002208827727078
2021-12-17,False,False,0.18268639157637304,0.00021443192589076787
2021-12-20,False,False,0.186091395345458,-0.019652048255180854
2021-12-21,False,False,0.18642345368230398,-0.021407762888316473
2021-12-22,False,False,0.17751444315829243,0.002870825207581751
2021-12-23,False,False,0.18508541922458627,-0.0026848137723227694
2021-12-27,False,False,0.18324053331885484,0.012448861146011403
2021-12-28,False,False,0.19050162417762237,0.03781503619055693
2021-12-29,False,False,0.18199966154738517,0.04811200569535812
2021-12-30,False,False,0.17456009472528775,0.031140674414789293
2021-12-31,False,False,0.1625339368925735,0.018110286349885207
2022-01-03,False,False,0.15411473676817247,0.009264768799065237
2022-01-04,False,False,0.13689395110163358,0.0009428822163024542
2022-01-05,False,False,0.1142881539865987,0.0014259648437655592
2022-01-06,True,False,0.14430359999100836,-0.019058391180985956
2022-01-07,True,False,0.1357827166136105,-0.017263105504149
2022-01-10,True,False,0.13247628400365222,-0.018675258407370166
2022-01-11,True,False,0.1025615913993738,-0.02553850720088824
2022-01-12,False,False,0.11798530834438888,-0.016333367767899287
2022-01-13,False,False,0.11912851209157364,0.005636448775986347
2022-01-14,True,False,0.1346472445965046,-0.007287257106372458
2022-01-18,True,False,0.13539748659338832,-0.002939345453221276
2022-01-19,True,False,0.14767351061014802,-0.0193765977539333
2022-01-20,True,False,0.14836285766957055,-0.03831825606430206
2022-01-21,True,False,0.13204902213541153,-0.05152647416287148
2022-01-24,True,False,0.14939774821681526,-0.057154543603104235
2022-01-25,True,False,0.15877273269899014,-0.05353761395346979
2022-01-26,True,False,0.15962844613166507,-0.04823763939725145
2022-01-27,True,False,0.13606106082338376,-0.04066408215560591
2022-01-28,True,False,0.12412426496314241,-0.03471740394087053
2022-01-31,True,False,0.2052375847367408,0.009064341187023928
2022-02-01,True,False,0.23485984647435945,0.022894689646384192
2022-02-02,True,False,0.22422247332212059,0.04253458282178513
2022-02-03,False,False,0.22258306815465306,0.055309426208366874
2022-02-04,True,True,0.24913777010351815,0.03561821940820731
2022-02-07,True,True,0.2239093622654644,0.015273219809925243
2022-02-08,True,True,0.2254138548062782,-0.005890068562358408
2022-02-09,False,True,0.21294102959977018,-0.004437576188515924
2022-02-10,False,True,0.21606915228436585,0.00041543817089406687
2022-02-11,False,True,0.24206352710917448,0.006090459960998329
2022-02-14,True,True,0.23913050116613543,-0.01836416299532062
2022-02-15,True,True,0.21645186360683052,-0.018423288337605537
2022-02-16,False,True,0.2320544127982586,-0.010733134332393646
2022-02-17,False,True,0.22438631189990635,-0.02391047718484618
2022-02-18,True,True,0.21890136958286088,-0.027285676596814246
2022-02-22,True,True,0.2163943736980591,-0.014144303227990096
2022-02-23,True,True,0.21968415103847092,-0.02152521367846516
2022-02-24,True,True,0.2180766131122037,-0.05413584391067516
2022-02-25,True,True,0.21920655273423437,-0.04097626601419202
2022-02-28,True,True,0.2504416637975043,0.0015787322769651446
2022-03-01,True,True,0.23149240357668255,0.005527025253789786
2022-03-02,True,True,0.24261718724841927,0.0009544420288591926
2022-03-03,True,True,0.24757455156781835,0.0377769865391715
2022-03-04,True,True,0.24748989175112363,0.017300956656263633
2022-03-07,True,True,0.22711016864139602,-0.01274700270308271
2022-03-08,True,True,0.26818917631968625,-0.0393926207868035
2022-03-09,True,True,0.26621498254925835,-0.03193171764555314
2022-03-10,True,True,0.2901026987708412,-0.02393295111038163
2022-03-11,True,True,0.28087626720337106,-0.023478918069358756
2022-03-14,True,True,0.2557113645170512,-0.0279982415546568
2022-03-15,True,True,0.25607428523051673,-0.005793578591890225
2022-03-16,True,True,0.2793971536384439,0.023831831712649132
2022-03-17,False,True,0.2871817445470604,0.019208723487393664
2022-03-18,False,True,0.2926954534949234,0.03664096957008178
2022-03-21,False,False,0.291018979864794,0.06149205659912216
2022-03-22,False,False,0.22936699915503186,0.06899416051078555
2022-03-23,False,False,0.21701264602236275,0.058231971259980586
2022-03-24,False,False,0.2132242414388146,0.02173557570564366
2022-03-25,False,False,0.21387459511311468,0.024530154510377766
2022-03-28,False,False,0.18703783349574765,0.01837937655543387
2022-03-29,False,False,0.16720336436041386,0.02592317618517259
2022-03-30,False,False,0.15318389086542938,0.02660201571209675
2022-03-31,False,False,0.14761291779473473,0.033783327322548296
2022-04-01,False,False,0.17463003393319862,0.002552775646120997
2022-04-04,False,False,0.16858564041177584,0.0005080729780060356
2022-04-05,False,False,0.17116950133946052,0.0019521386391794238
2022-04-06,False,False,0.17917711329310884,-0.022792763959524565
2022-04-07,False,False,0.1732717100524318,-0.026553303326824262
2022-04-08,False,False,0.15587078885115294,-0.006354617482663971
2022-04-11,False,False,0.15337777918946582,-0.011812240381341765
2022-04-12,True,True,0.16481436013313763,-0.03695271398509592
2022-04-13,True,True,0.13919348491322273,-0.028246458783340533
2022-04-14,True,False,0.16176379370490448,-0.0071889266409317365
2022-04-18,True,True,0.1562202014576861,-0.024466876949087113
2022-04-19,True,True,0.1541172403319786,-0.021449158506304578
2022-04-20,True,False,0.1738866321205778,0.011638480525070216
2022-04-21,True,False,0.1645815048364094,0.014647836151017168
2022-04-22,True,True,0.1734991874266623,-0.011842728581643702
2022-04-25,True,True,0.21009779719510313,-0.026839351775114206
2022-04-26,True,True,0.21703206578848241,-0.021599652001353054
2022-04-27,True,True,0.24327531970666696,-0.06502786234788216
2022-04-28,True,True,0.2467549499993933,-0.06170313076847633
2022-04-29,True,True,0.27973525200068355,-0.02339862180326091
2022-05-02,True,True,0.32524892381487286,-0.03295465224527028
2022-05-03,True,True,0.329469095141484,-0.03274136071893796
2022-05-04,True,True,0.31310687253088315,0.0006729139768568704
2022-05-05,True,True,0.3640655059767888,0.028255084545055542
2022-05-06,True,True,0.39575076930395287,-0.032724806984155475
2022-05-09,True,True,0.37647510001453866,-0.0016019416756678506
2022-05-10,True,True,0.3982568976146938,-0.03935051174952442
2022-05-11,True,True,0.3805910639123736,-0.04152456881326638
2022-05-12,True,True,0.3829191905380312,-0.08462685897637845
2022-05-13,True,True,0.3440198246752669,-0.05188371418137472
2022-05-16,True,True,0.33821306609982704,-0.023386979260692886
2022-05-17,True,True,0.33502520647390027,0.004822061930046084
2022-05-18,True,True,0.35463152432624884,0.023127615392249945
2022-05-19,True,True,0.352746794919546,-0.0022660713641313723
2022-05-20,True,True,0.3196701694878971,-0.007340572112307542
2022-05-23,True,True,0.32122367620789455,-0.030095588697015563
2022-05-24,True,True,0.3031690010259215,-0.007923217768691426
2022-05-25,True,True,0.30501453458993494,-0.03533992967736399
2022-05-26,True,True,0.29668950501950675,0.014061145261793584
2022-05-27,False,True,0.3104366867478369,0.04069737562945308
2022-05-31,False,True,0.3116354247936932,0.06578035411405203
2022-06-01,False,True,0.3127850429989269,0.04033558502557266
2022-06-02,False,True,0.30146195836039247,0.03985884404636164
2022-06-03,False,True,0.20998154361499907,0.050381254485703186
2022-06-06,False,True,0.2323349474283777,0.012903702878980683
2022-06-07,False,True,0.23114659202108156,-0.008356210318466228
2022-06-08,False,True,0.22102301122906615,0.006805027299156663
2022-06-09,False,True,0.22662225536787553,0.003979589993026611
2022-06-10,True,True,0.26472458039688224,-0.038213660708941055
2022-06-13,True,True,0.28082618588590696,-0.05051882802712837
2022-06-14,True,True,0.27976742393483234,-0.08934165326467558
2022-06-15,True,True,0.2812099339320978,-0.10071198441574447
2022-06-16,True,True,0.30616032626722267,-0.07786586188253841
2022-06-17,True,True,0.291046199274117,-0.08666301142849908
2022-06-21,True,True,0.29926853947150217,-0.05736206060602389
2022-06-22,True,True,0.34517024409049557,0.004506798867245365
2022-06-23,True,True,0.3328153167866409,0.005716193462197872
2022-06-24,True,True,0.3468302815073034,0.001300011635227083
2022-06-27,True,True,0.3849171413857182,0.0684982487899437
2022-06-28,True,True,0.3554070041135429,0.06212758827562226
2022-06-29,True,True,0.31054464474997917,0.014877223440095566
2022-06-30,True,True,0.3097258201132747,0.015892517461513656
2022-07-01,True,True,0.3059303026793378,-0.002142518890872358
2022-07-05,True,True,0.2459952180010429,-0.02266201926668099
2022-07-06,True,True,0.24606852984658031,-0.017061683461981225
2022-07-07,False,True,0.21724141065346533,0.006830421525593433
2022-07-08,False,True,0.2246861526068376,0.022742808586226904
2022-07-11,False,True,0.22322653512439858,0.03027170530988843
2022-07-12,False,True,0.1639270804034048,0.007842828811192915
2022-07-13,False,True,0.1678496998550091,-0.002958424936173598
2022-07-14,True,True,0.13520617162562232,-0.011532943942095364
2022-07-15,True,True,0.13557142870185057,-0.028484022188681957
2022-07-18,False,True,0.1600083670974725,-0.009107984477236153
2022-07-19,False,True,0.16005274793985522,-0.005933944785291301
2022-07-20,False,False,0.2094370008101322,0.030039648610468372
2022-07-21,False,False,0.21022885074984757,0.0420769231294047
2022-07-22,False,False,0.20389152968006605,0.055251251019669656
2022-07-25,False,False,0.212078746802723,0.025861396423753513
2022-07-26,False,False,0.19925032040855137,0.03565911713793457
2022-07-27,False,False,0.20469675186429795,-0.0035179838889652926
2022-07-28,False,False,0.22931416934610632,0.015882665760621473
2022-07-29,False,False,0.22655863222218908,0.01825522226261067
2022-08-01,False,False,0.2210289465377946,0.0427750659004833
2022-08-02,False,False,0.21232062375556932,0.03842556265523456
2022-08-03,False,False,0.19127977601945687,0.043925400868627396
2022-08-04,False,False,0.19996317079019793,0.033438059786246255
2022-08-05,False,False,0.19943184626238863,0.019947298580874406
2022-08-08,False,False,0.18878696236453482,0.003592319665325139
2022-08-09,False,False,0.19035724266377915,0.00540448345942246
2022-08-10,False,False,0.17508835455643884,0.008062539150631265
2022-08-11,False,False,0.15967798738580044,0.013367112783676527
2022-08-12,False,False,0.15470598502349164,0.014052200637241885
2022-08-15,False,False,0.1598184634478793,0.032964905823096746
2022-08-16,False,False,0.15550704439083562,0.03842708051481303
2022-08-17,False,False,0.14413972320686744,0.044609213735606
2022-08-18,False,False,0.14324755921530422,0.015857520587004403
2022-08-19,False,False,0.1418365303930349,0.01880997194289824
2022-08-22,False,False,0.16394626024881598,-0.011613205756571321
2022-08-23,True,False,0.20059451834894215,-0.036165646884286695
2022-08-24,True,False,0.19984981680358357,-0.04037700665298882
2022-08-25,True,False,0.16522675195478737,-0.030423063781094495
2022-08-26,False,False,0.1829794831392773,-0.01958447167949129
2022-08-29,True,False,0.22397287463212892,-0.03986829010205439
2022-08-30,True,False,0.21795711341178312,-0.025934438535621496
2022-08-31,True,True,0.2140282473664799,-0.034291256416996596
2022-09-01,True,True,0.21401679952038594,-0.04469746311941181
2022-09-02,True,True,0.2143363463098763,-0.0550404045448184
2022-09-06,True,True,0.21258702774236582,-0.03224692097376258
2022-09-07,True,True,0.1988672940085696,-0.029481160838221943
2022-09-08,True,True,0.23145940633028064,-0.0010798332693242596
2022-09-09,True,True,0.2347429765276831,0.01315856043271113
2022-09-12,True,False,0.23775339458062913,0.0256798337939379
2022-09-13,False,False,0.172194860645741,0.047751374876394914
2022-09-14,True,True,0.2837872019342622,0.005988329247158086
2022-09-15,True,True,0.2807433522394677,-0.007994367918210288
2022-09-16,True,True,0.283909671673758,-0.025625656454766887
2022-09-19,True,True,0.28450911955662306,-0.047849922633123376
2022-09-20,True,True,0.2843441864046198,-0.05066912968270776
2022-09-21,True,True,0.28949688866443646,-0.018905670762486948
2022-09-22,True,True,0.27835861650990723,-0.03968410734347694
2022-09-23,True,True,0.2714910239954785,-0.03681527050814504
2022-09-26,True,True,0.2463570252538156,-0.045673825776577304
2022-09-27,True,True,0.21934912298478104,-0.06238579535219868
2022-09-28,True,True,0.13035605731785121,-0.05391965218127526
2022-09-29,True,True,0.18244933670036642,-0.018177481124028283
2022-09-30,True,True,0.19631808504695475,-0.030543530764998494
2022-10-03,True,True,0.2011677388199327,-0.029270279548700096
2022-10-04,True,True,0.2553537573850134,0.006313304721091928
2022-10-05,True,True,0.3112210703617273,0.04015080420757333
2022-10-06,True,True,0.298435461078355,0.017704367691148803
2022-10-07,True,True,0.30010986210987994,0.028694285731909686
2022-10-10,True,True,0.3218283644142197,0.01570636463406605
2022-10-11,True,True,0.3203224591961908,-0.017975505377203604
2022-10-12,True,True,0.32139538317039074,-0.053522764370093956
2022-10-13,True,True,0.2991762279271816,-0.054443234979390076
2022-10-14,True,True,0.31664887022425886,-0.01937299025887751
2022-10-17,True,True,0.32923129276427826,-0.014223104358777161
2022-10-18,True,True,0.32768432821339255,0.018887840677555667
2022-10-19,False,True,0.2891174335065666,0.03742941619362394
2022-10-20,False,True,0.29040203963094846,0.03348664916694233
2022-10-21,True,True,0.2890408659654809,-0.0015301799227935842
2022-10-24,False,True,0.27638806670018556,0.04658445947441625
2022-10-25,False,True,0.27242566259029044,0.03284989989585818
2022-10-26,False,True,0.26885943354763353,0.03715679245778847
2022-10-27,False,True,0.2743969454192495,0.036689280189075246
2022-10-28,False,True,0.2575023914276131,0.039873020912922996
2022-10-31,False,False,0.2267458039836148,0.03935450986667699
2022-11-01,False,False,0.21701189578641777,0.01937339865313925
2022-11-02,False,False,0.21857629259120823,-0.0010391768711461857
2022-11-03,False,True,0.2583845447660904,-0.018716297506212065
2022-11-04,True,True,0.26066958461003387,-0.02360650572409373
2022-11-07,False,True,0.24052082816409873,-0.032569018175058306
2022-11-08,False,False,0.2372706431274135,-0.016208798802607838
2022-11-09,False,False,0.22335546726733416,-0.0065536260295465665
2022-11-10,True,True,0.24333676751581285,-0.0019740167699988653
2022-11-11,False,False,0.3734648537434875,0.06382577234081799
2022-11-14,False,False,0.35901848676135484,0.05888136032754132
2022-11-15,False,False,0.360061954212869,0.03992630607231118
2022-11-16,False,False,0.3589769458126275,0.04316754026851122
2022-11-17,False,False,0.32906882493670325,0.05698553849702104
2022-11-18,False,False,0.32122347349745345,-0.0011401361838736523
2022-11-21,False,False,0.31804071306877507,-0.0062231807496344604
2022-11-22,False,False,0.3199662709701731,-0.001341362858433559
2022-11-23,False,False,0.3235139356195892,0.0035383553069727736
2022-11-25,False,False,0.29098388162245514,0.017625490592924287
2022-11-28,False,False,0.12103479287157545,0.020520495493001167
2022-11-29,False,False,0.14180435112801687,-0.0003030086449360425
2022-11-30,False,False,0.1351700548328979,0.0016219365356169302
2022-12-01,False,False,0.20606514697965628,0.01945486383352657
2022-12-02,False,False,0.19951276264222695,0.012325432569791461
2022-12-05,False,False,0.1981036501194612,0.011383690868055574
2022-12-06,False,False,0.22448264409192586,0.0092950435650625
2022-12-07,True,False,0.2368739700572971,-0.003542242210891944
2022-12-08,True,False,0.22449329443098193,-0.035616167437203416
2022-12-09,True,False,0.2261310568911924,-0.027345477819342268
2022-12-12,True,False,0.22794416007694276,-0.033496351485988285
2022-12-13,False,False,0.2275403685192677,-0.0016016441556487848
2022-12-14,False,False,0.22936718126977051,0.020668817837192544
2022-12-15,False,False,0.1604316812354228,0.015871399408295295
2022-12-16,True,False,0.19554847450709636,-0.016681808406612708
2022-12-19,True,True,0.19792923718359148,-0.020976477966208273
2022-12-20,True,True,0.18647448575804723,-0.043074461080693016
2022-12-21,True,True,0.17966253469984197,-0.0489642726394629
2022-12-22,True,False,0.2009902255163082,-0.02853288523907993
2022-12-23,True,True,0.203633616139983,-0.01837985136714182
2022-12-27,True,True,0.20712490396681618,-0.0009392874044632515
2022-12-28,True,True,0.18541164523857226,0.0036313869193675963
2022-12-29,True,True,0.17757045409223257,-0.010196037022074611
2022-12-30,True,True,0.21435674928041876,-0.0072236745216839315
2023-01-03,True,True,0.17991870124664586,0.004491489409423455
2023-01-04,True,True,0.1713967313957103,-0.00545820118992546
2023-01-05,True,True,0.1697988758125989,0.006187729594794966
2023-01-06,True,True,0.18085168419175096,0.007221365956821657
2023-01-09,False,True,0.2027412906019254,0.012100980247873538
2023-01-10,False,True,0.18565084533792006,0.01419867764024274
2023-01-11,False,False,0.186485238608199,0.02562890683161312
2023-01-12,False,False,0.1901256854510777,0.030644151756848537
2023-01-13,False,False,0.16773892806138252,0.046338763483336765
2023-01-17,False,False,0.15208043567742371,0.026850135748875736
2023-01-18,False,False,0.15116584164353702,0.02555045534671141
2023-01-19,False,False,0.17759528254986157,0.0023298691811315386
2023-01-20,False,True,0.18192510691621475,-0.017394822156223455
2023-01-23,False,False,0.18550757074380078,-0.0027206770427763427
2023-01-24,False,False,0.16135154074322605,0.0053450424693830545
2023-01-25,False,False,0.16170522189762054,0.006109058427653302
2023-01-26,False,False,0.16073430808582426,0.02263148520960767
2023-01-27,False,False,0.15800212446318376,0.041452243787613696
2023-01-30,False,False,0.15783962501864238,0.024754975995711748
2023-01-31,False,False,0.17374152023648456,-9.984177713573406e-05
2023-02-01,False,False,0.18666949882974324,0.015692152943558524
2023-02-02,False,False,0.16054686578688776,0.026102158269611264
2023-02-03,False,False,0.15143171631847543,0.029722050501463704
2023-02-06,False,False,0.15981729650524323,0.016441529623070217
2023-02-07,False,False,0.16070609150142812,0.023065977965045503
2023-02-08,False,False,0.16788373365391263,0.021427868003696116
2023-02-09,False,False,0.18312789725535383,-0.000365139548139215
2023-02-10,False,False,0.18450454765540908,-0.02324967406154732
2023-02-13,False,False,0.18451368655070544,-0.01045228489087191
2023-02-14,False,False,0.17599119272901145,0.007320108623964483
2023-02-15,False,False,0.16397642070684898,-0.006141766547294036
2023-02-16,False,False,0.156557734360816,0.00810909354261713
2023-02-17,False,False,0.15143175555533261,0.002923185717240262
2023-02-21,True,False,0.143793091688286,-0.0019115779355336482
2023-02-22,True,False,0.17150311011480782,-0.033282466888342355
2023-02-23,True,False,0.14828198019045566,-0.03417021964019362
2023-02-24,True,False,0.14957964975846458,-0.032175465405223425
2023-02-27,True,True,0.15225234135104637,-0.02914666376823849
2023-02-28,True,False,0.15332067376235325,-0.023400283978339487
2023-03-01,True,True,0.13111578893596273,-0.007091130877463714
2023-03-02,True,True,0.12960921165384542,-0.009534801183283204
2023-03-03,True,False,0.13875972306522444,-0.007113265090909815
2023-03-06,True,False,0.1588705171276519,0.019703314085577794
2023-03-07,True,False,0.15881359164127917,0.016946169106448083
2023-03-08,True,True,0.14366634966574288,0.005072426048084555
2023-03-09,True,False,0.14375153998627443,0.01058924767285263
2023-03-10,True,True,0.16732408912698904,-0.015711015620671676
2023-03-13,True,True,0.1735560757433467,-0.04522625522817947
2023-03-14,True,True,0.17052799736222232,-0.04724701490398919
2023-03-15,True,True,0.1967655441932496,-0.01642102016309721
2023-03-16,True,True,0.19808411576866913,-0.024165247200891637
2023-03-17,True,True,0.21591417483764064,0.011620184460710892
2023-03-20,True,True,0.20138539111410472,0.01442977344556895
2023-03-21,True,True,0.2108710307091243,0.025645909176297943
2023-03-22,False,True,0.20974803965514333,0.02221591750458418
2023-03-23,True,True,0.22743752191642316,0.01111458536856924
2023-03-24,True,True,0.20646159255524163,-0.0036335072765049103
2023-03-27,False,True,0.18907250733383396,0.014769609062597944
2023-03-28,False,True,0.18764749624383797,0.006984302636654061
2023-03-29,False,True,0.17372589760419616,-0.008297611713279585
2023-03-30,False,False,0.17927295327440415,0.02356481689627543
2023-03-31,False,False,0.16243933700058755,0.02678230899841516
2023-04-03,False,False,0.15131525258385128,0.034466204724844296
2023-04-04,False,False,0.14904689700340867,0.03647002599327398
2023-04-05,False,False,0.14764326614531909,0.03303842240255794
2023-04-06,False,False,0.10622800434655495,0.015572443409420211
2023-04-10,False,False,0.1060195535953948,0.013599207430497584
2023-04-11,False,False,0.10594743749444362,0.0005373836370747842
2023-04-12,False,False,0.1069242771948929,-0.002993065133828021
2023-04-13,False,False,0.10993971893128088,-0.0015171162099769653
2023-04-14,False,False,0.1064243853851125,0.014401371581545419
2023-04-17,False,False,0.10832535951868313,0.007991396722314192
2023-04-18,False,False,0.08660276044916096,0.010571029822600941
2023-04-19,False,False,0.08529597931781176,0.010958703741849263
2023-04-20,False,False,0.0780467287043314,0.014924640585080917
2023-04-21,False,False,0.0832096812241133,-0.0038455023321346538
2023-04-24,False,False,0.08168440139541763,-0.0006303645250708145
2023-04-25,False,False,0.08168606196064708,-0.0031647083266505005
2023-04-26,True,False,0.11692450941834534,-0.019627725397274642
2023-04-27,True,False,0.11704986393561742,-0.023615202474782326
2023-04-28,False,False,0.1416429495953817,0.0012867824355684565
2023-05-01,False,False,0.1474239990507441,0.009049005284420097
2023-05-02,False,False,0.14686202066509546,0.006979618348527561
2023-05-03,True,False,0.1580356266335791,0.011721827951646002
2023-05-04,True,False,0.1608685003615838,0.009051341325143403
2023-05-05,True,False,0.16220635396499555,-0.017652336496157606
2023-05-08,False,False,0.19131799967532587,-0.007934026414628925
2023-05-09,False,False,0.19125839339525047,-0.006666505391165312
2023-05-10,True,False,0.17214625806978637,0.0002190632177190288
2023-05-11,False,False,0.17000657278634826,0.011837653780502722
2023-05-12,False,False,0.13842617342912386,0.017278406075520225
2023-05-15,False,False,0.1299230848221932,-0.00252041927995883
2023-05-16,False,False,0.13184608004339848,0.0006541643574677902
2023-05-17,True,False,0.12322656445436267,-0.0016547826549401234
2023-05-18,False,False,0.13078470911032863,0.005764805499852699
2023-05-19,False,False,0.12588210539960426,0.017227574357195685
2023-05-22,False,False,0.09516655532786787,0.01708010551906214
2023-05-23,False,False,0.09512020028745144,0.013994818938266151
2023-05-24,False,False,0.11166411201193695,0.009360146834847427
2023-05-25,True,False,0.1159994720486798,-0.009970377910185069
2023-05-26,False,False,0.12410617458067312,-0.010924790754200164
2023-05-30,False,False,0.1377391070263713,0.0033443226240486013
2023-05-31,False,False,0.13773562355611968,0.0033190851001747568
2023-06-01,False,False,0.13589031429754936,0.009080151536333236
2023-06-02,False,False,0.13086098745509564,0.026101341878303375
2023-06-05,False,False,0.14100406217979808,0.032002894225925616
2023-06-06,False,False,0.14134724191642886,0.016856339893761563
2023-06-07,False,False,0.14105223128422525,0.01868246860593592
2023-06-08,False,False,0.12477809260684053,0.020820868032261686
2023-06-09,False,False,0.11134932328314417,0.017329666829029478
2023-06-12,False,False,0.10917992084705512,0.004627032043987178
2023-06-13,False,False,0.10137495002603451,0.015687192279698392
2023-06-14,False,False,0.10124568162340009,0.020162138451875977
2023-06-15,False,False,0.08855194685091028,0.02492087680064725
2023-06-16,False,False,0.09410937865002139,0.03138908780488214
2023-06-20,False,False,0.08526784278933461,0.02603579658478794
2023-06-21,False,False,0.09192518777473324,0.011536000754202913
2023-06-22,False,False,0.1000816323143242,-0.0002381817354197846
2023-06-23,False,False,0.09548889375756413,0.0021771994932218153
2023-06-26,False,False,0.10598225426741337,-0.017578925518059507
2023-06-27,False,False,0.10933107165644183,-0.018249669773346522
2023-06-28,False,False,0.11368763530077723,-0.002310260588834656
2023-06-29,False,False,0.10923073331859386,0.0033337922519172114
2023-06-30,False,False,0.11070032948930904,0.0036654362155756903
2023-07-03,False,False,0.10894648979707525,0.023245078283880893
2023-07-05,False,False,0.10669758037041542,0.02862506890121641
2023-07-06,False,False,0.10220936562621386,0.015957081347184765
2023-07-07,False,False,0.10777743132919565,0.007493297608844651
2023-07-10,False,False,0.10817736355700686,0.0010043160806791906
2023-07-11,False,False,0.09859510013870923,-0.008166396061684345
2023-07-12,False,False,0.09595410152944554,-0.002996912134208385
2023-07-13,False,False,0.0896984985833346,0.00652178874360243
2023-07-14,False,False,0.09333463207267598,0.02251740072492625
2023-07-17,False,False,0.09483659449958877,0.024466991517470005
2023-07-18,False,False,0.08013316405870247,0.02542874050897459
2023-07-19,False,False,0.08497379720585126,0.02651087080043779
2023-07-20,False,False,0.08230373532996536,0.020582035682332744
2023-07-21,False,False,0.07813021941685216,0.005827919032232343
2023-07-24,False,False,0.07422218936901735,0.006454772630411609
2023-07-25,False,False,0.07446078479411757,0.007452755118045662
2023-07-26,False,False,0.07243221502090756,0.0027521514282462523
2023-07-27,False,False,0.06740867168567978,0.0006810191458106463
2023-07-28,False,False,0.07171197701125304,0.0006855675070063239
2023-07-31,False,False,0.08442518792986083,0.010482550628459375
2023-08-01,False,False,0.08386883303139188,0.00790400716309203
2023-08-02,False,False,0.07943749275034177,0.002283505435555
2023-08-03,True,False,0.10642337516390132,-0.011810936240332248
2023-08-04,True,False,0.1025458586784683,-0.008066476699180702
2023-08-07,True,False,0.10415466735276163,-0.02212641013731209
2023-08-08,True,False,0.1124815974210058,-0.015465606792523845
2023-08-09,True,False,0.11196401012283051,-0.01693392912440861
2023-08-10,True,False,0.11444636544700616,-0.009730524235350146
2023-08-11,True,False,0.1121234609794872,-0.0065279369049985325
2023-08-14,True,False,0.09358867913046273,-0.002596183433679622
2023-08-15,True,False,0.09987897593621428,-0.005768676810895101
2023-08-16,True,True,0.11085155386462496,-0.013058494570581725
2023-08-17,True,True,0.09674314011264826,-0.013707233591289114
2023-08-18,True,True,0.10034521385184803,-0.021573861253487925
2023-08-21,True,True,0.10110057486464362,-0.020531806535393438
2023-08-22,True,True,0.09471873379492428,-0.019571086739546106
2023-08-23,True,True,0.09419613954229301,-0.010702433507699616
2023-08-24,True,True,0.11212783347326478,0.007710854584547455
2023-08-25,True,True,0.13004537617152645,0.0013752316941486598
2023-08-28,True,True,0.13780580583968677,0.007949599287641496
2023-08-29,True,True,0.13899180698637273,0.007784404107740173
2023-08-30,False,False,0.14548470504022928,0.02512838095269676
2023-08-31,False,False,0.1372541280632036,0.01801232397010666
2023-09-01,False,False,0.127568639504434,0.030808671460469395
2023-09-05,False,False,0.126928608503054,0.0255017388535268
2023-09-06,False,False,0.13095111665352302,0.014635466755325455
2023-09-07,False,True,0.13664313418131221,-0.006545549911573301
2023-09-08,False,True,0.1279712821110442,-0.013658234604341346
2023-09-11,False,True,0.10011507902652074,-0.010724993341224454
2023-09-12,False,False,0.09946960693194962,-0.006072830266338314
2023-09-13,False,True,0.10245196477309329,-0.00723443841578042
2023-09-14,False,True,0.06888157052236153,0.0006499034565863315
2023-09-15,False,False,0.08025973005109249,0.012386198879938082
2023-09-18,True,True,0.10026751151923637,-0.0013151036271328298
2023-09-19,True,True,0.099377600466925,-0.007258306819237004
2023-09-20,True,True,0.09810824488025605,-0.003852628772758826
2023-09-21,True,True,0.10275148431210629,-0.014160023748125194
2023-09-22,True,True,0.1281604871125909,-0.038742713276653684
2023-09-25,True,True,0.1260899821001605,-0.029208111471480058
2023-09-26,True,True,0.12149209780578438,-0.02569709141637977
2023-09-27,True,True,0.13424872310243705,-0.03801585843701205
2023-09-28,True,True,0.13344007458951967,-0.028702352674840004
2023-09-29,True,True,0.12634682601006036,-0.006652910727687034
2023-10-02,True,True,0.11946678817030858,-0.006830535848139085
2023-10-03,True,True,0.11859615387286175,-0.0113828273033858
2023-10-04,True,True,0.12747403666262772,-0.010073259501666931
2023-10-05,True,True,0.13812973554462044,-0.003262526763261997
2023-10-06,True,True,0.116610656659444,-0.009381126835843245
2023-10-09,True,True,0.13452876667860947,0.00481893716570303
2023-10-10,True,True,0.1369605323527796,0.011654301345153995
2023-10-11,False,True,0.11095989741074877,0.030717048289750748
2023-10-12,False,True,0.11098394755939847,0.02745725976086022
2023-10-13,False,True,0.11672181190600052,0.02157832784217506
2023-10-16,False,True,0.11962257112650532,0.004563021331247974
2023-10-17,False,True,0.12838482537515333,0.008674732632027116
2023-10-18,False,True,0.09712263262566036,0.0034058996394754626
2023-10-19,False,True,0.12506129606562855,-0.014003483154683583
2023-10-20,True,True,0.13500005215702587,-0.016672047271862667
2023-10-23,True,True,0.13239868441486644,-0.023893393802722263
2023-10-24,True,True,0.12410220825529081,-0.03573066760784982
2023-10-25,True,True,0.12875476196913002,-0.028416127115585166
2023-10-26,True,True,0.1353867100563517,-0.029427488989516415
2023-10-27,True,True,0.14061873657856983,-0.03254930565254344
2023-10-30,True,True,0.14063330705418223,-0.024953110652034205
2023-10-31,True,True,0.14514851389809877,-0.01158255098881733
2023-11-01,True,True,0.15409282180056824,-0.012817789167899996
2023-11-02,True,True,0.16088315787460378,0.012238054495885997
2023-11-03,False,True,0.1857803769406463,0.04414010477176378
2023-11-06,False,False,0.17334241549739818,0.058464012569981794
2023-11-07,False,False,0.17128987365878132,0.04836497583297783
2023-11-08,False,False,0.16989519622094382,0.04478718262491843
2023-11-09,False,False,0.14076888197788567,0.03451947238003239
2023-11-10,False,False,0.12793068918860878,0.007150154220726401
2023-11-13,False,False,0.12550809421953768,0.013618899789155758
2023-11-14,False,False,0.12818838718549566,0.010328444509280832
2023-11-15,False,False,0.1453472456556469,0.0270066145643022
2023-11-16,False,False,0.14582431498477647,0.0284276724531074
2023-11-17,False,False,0.1280816354088188,0.03777890269040807
2023-11-20,False,False,0.12614114263672793,0.023104333329368343
2023-11-21,False,False,0.12740179043101926,0.03196346937543848
2023-11-22,False,False,0.1313463698063078,0.010117442648826858
2023-11-24,False,False,0.13029602937736115,0.011875111019231888
2023-11-27,False,False,0.11485421237743326,0.011260912538272105
2023-11-28,False,False,0.10176385928391801,0.008185629885317347
2023-11-29,False,False,0.10003750238790106,0.0014749256693293855
2023-11-30,False,False,0.045661728472015994,0.002956296476142928
2023-12-01,False,False,0.04744616237205419,0.0030328349299726387
2023-12-04,False,False,0.052310235309951846,0.008346145886624301
2023-12-05,False,False,0.06370582737543282,0.004862698978922442
2023-12-06,False,False,0.05295631464603403,0.003670894090917365
2023-12-07,False,False,0.05630510340565293,0.00032995124978763
2023-12-08,False,False,0.06536718501768383,0.004009640731529096
2023-12-11,False,False,0.06778746908851545,0.0023959904002583965
2023-12-12,False,False,0.06703235382226835,0.011605246184220208
2023-12-13,False,False,0.06843932325410897,0.016425756327457686
2023-12-14,False,False,0.0881955919055556,0.03461166438414898
2023-12-15,False,False,0.08815988418741971,0.03007223283472471
2023-12-18,False,False,0.09022441974930182,0.023974214793427207
2023-12-19,False,False,0.07952583906749464,0.025744360167363478
2023-12-20,False,False,0.07708853918969008,0.02728996578750742
2023-12-21,False,False,0.11394541593789044,-0.0007256239319162194
2023-12-22,False,False,0.11624475657191256,0.005522334084348435
2023-12-26,False,False,0.11639634001477366,0.00920460989756311
2023-12-27,False,False,0.1164543389373991,0.007797107155524063
2023-12-28,False,False,0.11646942155010492,0.0035169752811115007
2023-12-29,False,False,0.10024166188027742,0.01800281922200697
2024-01-02,False,False,0.10238214946456527,0.005521471976829284
2024-01-03,False,False,0.10717916492097923,-0.002111263923482487
2024-01-04,False,False,0.11178911421038638,-0.014422370912809512
2024-01-05,True,False,0.10568485220930274,-0.019370002810333187
2024-01-08,True,False,0.08090919425270136,-0.018397700196061795
2024-01-09,False,False,0.09842456496572576,-0.0014937611398541106
2024-01-10,False,False,0.09842033332218578,0.002602348064738136
2024-01-11,False,False,0.1003586303713147,0.01657458687372726
2024-01-12,False,False,0.09998963297724438,0.019410203852026076
2024-01-16,False,False,0.1000368444090483,0.018721148690196143
2024-01-17,False,False,0.10074266146421419,0.0006953218999483646
2024-01-18,True,False,0.10068493460479053,-0.0033552798915790216
2024-01-19,False,False,0.09861536146798508,-0.000146885326165469
2024-01-22,False,False,0.10793155154393673,0.012763722870590133
2024-01-23,False,False,0.10763910184604035,0.014202400809505189
2024-01-24,False,False,0.08860053716621506,0.02090834406094988
2024-01-25,False,False,0.08651585279716652,0.027737195609856213
2024-01-26,False,False,0.0862954055700651,0.024218765296046385
2024-01-29,False,False,0.08715493122175587,0.010322741434054317
2024-01-30,False,False,0.09086791358177804,0.016175405104825513
2024-01-31,False,False,0.08590977213776488,0.012436580384502127
2024-02-01,False,False,0.12509556938603716,-0.005171098880435765
2024-02-02,False,False,0.13286665848025037,0.0023973934947203457
2024-02-05,False,False,0.12916820894556202,0.014238526519931849
2024-02-06,False,False,0.13279684777323492,0.0026054916278273055
2024-02-07,False,False,0.13279401335446178,0.006294688737481069
2024-02-08,False,False,0.13649787464778748,0.03151921833152804
2024-02-09,False,False,0.13591370936605673,0.018642682170739278
2024-02-12,False,False,0.13559413048939167,0.013856579134582825
2024-02-13,False,False,0.13327638422896027,0.017115013957948566
2024-02-14,False,False,0.15502743571831493,0.0002024375861098271
2024-02-15,False,False,0.12688794066443504,0.000943585918269374
2024-02-16,False,False,0.1168322994688715,0.007404879268089415
2024-02-20,False,False,0.11329860828117115,-0.003371907728363599
2024-02-21,False,False,0.1158237612604739,-0.008423488860397899
2024-02-22,False,False,0.11527734251097815,0.006335006494239126
2024-02-23,False,False,0.14979535828645382,0.01791122546242918
2024-02-26,False,False,0.14973239949880546,0.011633236322508678
2024-02-27,False,False,0.15044664264481142,0.012972713000947156
2024-02-28,False,False,0.15027672951085222,0.020472661433647454
2024-02-29,False,False,0.1266281746498063,0.018201565628612082
2024-03-01,False,False,0.12148430564956712,0.0011428572820488814
2024-03-04,False,False,0.12493530977496797,0.009845426311553496
2024-03-05,False,False,0.12012432520826086,0.012470602349376136
2024-03-06,False,False,0.13024687723230688,0.0004931653226296628
2024-03-07,False,False,0.13084520083269124,0.006893689402450276
2024-03-08,False,False,0.095312727091591,0.01324594583836447
2024-03-11,False,False,0.10245460416586297,-0.002203374716534867
2024-03-12,False,False,0.0999896549149438,-0.0019910204371607065
2024-03-13,False,False,0.1113201984394257,0.018928191307610476
2024-03-14,False,False,0.11152894182050205,0.012202061399083641
2024-03-15,False,False,0.1126925375960562,0.0002719437113736234
2024-03-18,False,False,0.10980041377311715,-0.0005980074963243265
2024-03-19,False,False,0.11391578768938664,0.006206776787657464
2024-03-20,False,False,0.0999103194035088,0.0010299471171510977
2024-03-21,False,False,0.10555419134414039,0.011874866385299221
2024-03-22,False,False,0.09727101330908755,0.017229672167658583
2024-03-25,False,False,0.09001674306979715,0.022321166598618047
2024-03-26,False,False,0.09228520916487222,0.013473464081587672
2024-03-27,False,False,0.07950193799860021,0.006011128733990345
2024-03-28,False,False,0.08690400922481904,0.005168307125026139
2024-04-01,False,False,0.08522844721275623,0.001666027856376484
2024-04-02,False,False,0.07356833276958098,0.0018226817797146744
2024-04-03,False,False,0.08237928000896998,-0.0017892542555085766
2024-04-04,False,False,0.07869203702289136,0.0011564930208090018
2024-04-05,True,False,0.08690393553715757,-0.019305388019882352
2024-04-08,False,False,0.10357244239811816,-0.008870705025625703
2024-04-09,False,False,0.10351545351854698,-0.0065880197868896095
2024-04-10,False,False,0.102941996044375,0.0009251413166608824
2024-04-11,True,False,0.11441681564619542,-0.010184632733721721
2024-04-12,True,False,0.11253431961097497,0.009608824501383229
2024-04-15,True,False,0.12938109878683368,-0.014621066403527783
2024-04-16,True,True,0.138979014274272,-0.02751002444689199
2024-04-17,True,True,0.13814730778659765,-0.030405145259282285
2024-04-18,True,True,0.1368647841076868,-0.026394616487664502
2024-04-19,True,True,0.12833339377819103,-0.035675674717609795
2024-04-22,True,True,0.10806794094769938,-0.03071351768746644
2024-04-23,True,True,0.12666618991844827,-0.009376547808624736
2024-04-24,True,True,0.14780142603392263,0.004210276056785034
2024-04-25,True,True,0.14209722664347,0.009709319827098106
2024-04-26,True,True,0.13258487176346057,0.007947629670083556
2024-04-29,True,True,0.1299897713009448,0.026456096157574605
2024-04-30,False,True,0.11207546710172142,0.02069158627029788
2024-05-01,True,True,0.14082008861397316,-0.007257985593873251
2024-05-02,True,True,0.13844004730673914,-0.010011671831181568
2024-05-03,True,True,0.14538142347393396,0.003058649513813183
2024-05-06,False,False,0.14391696480030863,0.00596151506064535
2024-05-07,False,False,0.14531583426751923,0.012763203664664768
2024-05-08,False,False,0.1375080813460017,0.0302004062730723
2024-05-09,False,False,0.1372168428289154,0.033656439491182466
2024-05-10,False,False,0.13358507365143024,0.029978418423038278
2024-05-13,False,False,0.12923544699144382,0.018678245173683106
2024-05-14,False,False,0.1295816106214027,0.00840157213795556
2024-05-15,False,False,0.08210182942639735,0.011911667702765527
2024-05-16,False,False,0.07997569254949345,0.024343085316294477
2024-05-17,False,False,0.08585061484811692,0.01637926019410263
2024-05-20,False,False,0.07492616820728479,0.016530987726761204
2024-05-21,False,False,0.06504493882765955,0.017565414154821157
2024-05-22,False,False,0.0645328799490517,0.01540225646474025
2024-05-23,False,False,0.06946589644750885,9.437736743667102e-05
2024-05-24,False,False,0.08177355453016598,-0.00516370668676891
2024-05-28,False,False,0.08632901906917977,-1.88868504288342e-05
2024-05-29,False,False,0.08609731821390278,-0.0004716433797675723
2024-05-30,False,False,0.09449474536685741,-0.009899127007799269
2024-05-31,True,False,0.0737616853518604,-0.013627012419404005
2024-06-03,False,False,0.09022950220017227,0.0026808121874137836
2024-06-04,False,False,0.08996016717640606,-0.0030976125373345376
2024-06-05,False,False,0.0899448566705118,-0.0026802073339746713
2024-06-06,False,False,0.10856683271207031,0.01628967885708521
2024-06-07,False,False,0.10690568801869423,0.023057346918320176
2024-06-10,False,False,0.09775513611821277,0.012590780954604197
2024-06-11,False,False,0.09416130907945172,0.014892004025160999
2024-06-12,False,False,0.09430536824931539,0.016200155971959562
2024-06-13,False,False,0.08721300975191662,0.012512389681815339
2024-06-14,False,False,0.06989235662954886,0.014570007439057342
2024-06-17,False,False,0.06442961651218417,0.016422913605879996
2024-06-18,False,False,0.06787162065358042,0.02135683134650579
2024-06-20,False,False,0.06677811731166845,0.02149175861109609
2024-06-21,False,False,0.05638048595082709,0.010418205845940776
2024-06-24,False,False,0.0582543652139211,0.007035980584595203
2024-06-25,False,False,0.062306821155463495,0.0031522121341462928
2024-06-26,False,False,0.06281085279661319,-0.0009363912817188513
2024-06-27,False,False,0.06288445662209664,-0.002224480577843302
2024-06-28,False,False,0.05218047443987538,0.0020706925253737296
2024-07-01,False,False,0.057963939223874696,-0.0005325887626099757
2024-07-02,False,False,0.05838719431138485,0.004790507314497816
2024-07-03,False,False,0.05435303784597203,0.0076721171268934185
2024-07-05,False,False,0.056991344200125374,0.010907223963589674
2024-07-08,False,False,0.057952412960510964,0.015136263025816499
2024-07-09,False,False,0.05557172295631709,0.020322664576051475
2024-07-10,False,False,0.047999341074530764,0.019217368365230802
2024-07-11,False,False,0.06098903974117663,0.02242217862838025
2024-07-12,False,False,0.0844942502095696,0.009103107364244467
2024-07-15,False,False,0.08711827505272846,0.009645897287943406
2024-07-16,False,False,0.07946477716678055,0.011255582584893897
2024-07-17,False,False,0.08035099438880033,0.016264258896938832
2024-07-18,False,False,0.11659531540872531,-0.007803036339844138
2024-07-19,False,False,0.12357227192760918,-0.006864577362738045
2024-07-22,True,False,0.12374486278622161,-0.019643208024175296
2024-07-23,False,False,0.13611630340967232,-0.012252239254072594
2024-07-24,False,False,0.1361636566422657,-0.01961547987943435
2024-07-25,True,False,0.16309941919080098,-0.028207705087089474
2024-07-26,True,True,0.1610380235564594,-0.025784387310961887
2024-07-29,True,False,0.17074678236340973,-0.008287947699376685
2024-07-30,True,False,0.16913044164454444,-0.0178310639334458
2024-07-31,True,True,0.16176481416863556,-0.021271986450362768
2024-08-01,True,False,0.18001332284403493,0.0177004216525527
2024-08-02,True,False,0.18938999522905833,0.008543674114533495
2024-08-05,True,True,0.20688349815636084,-0.021196091273512296
2024-08-06,True,True,0.22984802176057598,-0.05026066577871069
2024-08-07,True,True,0.24278741405640117,-0.03662361608649578
2024-08-08,True,True,0.22417326144925961,-0.058368584394338674
2024-08-09,True,True,0.26231587906305404,-0.022762010754223905
2024-08-12,True,True,0.2553588712748631,0.00016888749785204382
2024-08-13,True,True,0.25534130626112034,0.03071243486625419
2024-08-14,False,True,0.2705221994123271,0.03809250190111402
2024-08-15,False,False,0.25628908993443994,0.04837465928309448
2024-08-16,False,False,0.26001022446207045,0.04225007090994359
2024-08-19,False,False,0.2335239879634383,0.04000075034777684
2024-08-20,False,False,0.14279843375848228,0.04939336650393744
2024-08-21,False,False,0.1502072704146896,0.03073573891128345
2024-08-22,False,False,0.1322313365211847,0.03102528717102082
2024-08-23,False,False,0.12311774754700447,0.005695481665429325
2024-08-26,False,False,0.1265509573845863,0.014107629868810978
2024-08-27,False,False,0.13044906219265998,0.0021086115592250376
2024-08-28,False,False,0.11464798698101482,0.005119026566418494
2024-08-29,False,False,0.12399338822773234,-0.004138275975201999
2024-08-30,False,False,0.09426213401038325,0.003829419541865331
2024-09-03,False,False,0.10368925113345917,0.002757369158298495
2024-09-04,False,False,0.1427233544720557,-0.015531661611107861
2024-09-05,False,False,0.14276446535678536,-0.018893795453538864
2024-09-06,True,False,0.14026219137557872,-0.01556510842244685
2024-09-09,True,True,0.15708299437591336,-0.032219934814209816
2024-09-10,True,True,0.15847380619098284,-0.03063795140395975
2024-09-11,True,True,0.16251404759363527,-0.005959280118475241
2024-09-12,True,False,0.17359553779355236,0.006298211566438727
2024-09-13,False,False,0.177728368909324,0.01724859418427327
2024-09-16,False,False,0.17949979067599026,0.040065883535596925
2024-09-17,False,False,0.17282622809742224,0.03006899662992968
2024-09-18,False,False,0.12997874853430758,0.02602088080688003
2024-09-19,False,False,0.13085952537415088,0.012589733964932126
2024-09-20,False,False,0.14819191391905218,0.021266701745533023
2024-09-23,False,False,0.1010443266131451,0.014203505636229519
2024-09-24,False,False,0.0963278832246425,0.01523855262692897
2024-09-25,False,False,0.0966826374552082,0.017727575466875756
2024-09-26,False,False,0.09560100107342319,0.018503742996096362
2024-09-27,False,False,0.09117443828452385,0.005385358840309884
2024-09-30,False,False,0.0920712750111447,0.005666520116931695
2024-10-01,False,False,0.09254954826949977,0.007179594588155869
2024-10-02,False,False,0.10835134299222926,-0.004691055101635477
2024-10-03,False,False,0.10591632802888774,-0.0020700290434394475
2024-10-04,False,False,0.06246573078684996,-0.007828063420462161
2024-10-07,False,False,0.07713183220831402,0.0026423078963648816
2024-10-08,False,False,0.09073488758903629,-0.010387617696672624
2024-10-09,False,False,0.1024803475245541,0.008001828381789311
2024-10-10,False,False,0.10629718956166757,0.014555426891396772
2024-10-11,False,False,0.10609489280891471,0.014634919503992316
2024-10-14,False,False,0.1084437475895813,0.011518727793347283
2024-10-15,False,False,0.11313797924185087,0.029094751934339858
2024-10-16,False,False,0.1100746041114268,0.01153235499885752
2024-10-17,False,False,0.11029489710542584,0.008940638162999726
2024-10-18,False,False,0.10866647768299277,0.01079617428191737
2024-10-21,False,False,0.10286985742131419,0.008644190039086785
2024-10-22,False,False,0.08588519329584703,-0.0011808606959379242
2024-10-23,False,False,0.07840890168017059,0.006105764438479211
2024-10-24,False,False,0.08949979598445504,-0.007401682764154427
2024-10-25,False,False,0.08931500904237538,-0.00534043091802705
2024-10-28,False,False,0.08402496405299612,-0.009493833184587741
2024-10-29,False,False,0.07320909205339789,-0.004797560410889301
2024-10-30,False,False,0.061689669829540154,-0.0026572032968059656
2024-10-31,False,False,0.05937199293677733,0.0034948685999485196
2024-11-01,True,False,0.1130126883734239,-0.0182998407331878
2024-11-04,True,False,0.1136017156167398,-0.013815971655306014
2024-11-05,True,False,0.11354535921917529,-0.018972848546783383
2024-11-06,True,False,0.13493676246318054,-0.00871478483670829
2024-11-07,False,False,0.17903921997518862,0.01901691511218684
2024-11-08,False,False,0.18109747927462366,0.04742895267750202
2024-11-11,False,False,0.18030765704627044,0.04754483004494925
2024-11-12,False,False,0.18070170241761832,0.05080640851573537
2024-11-13,False,False,0.18332619961516824,0.03502687744545785
2024-11-14,False,False,0.18112729280616094,0.01040538695060933
2024-11-15,False,False,0.1432461508098272,-0.0037944290856670726
2024-11-18,False,False,0.16703918878564217,-0.020796067774283333
2024-11-19,False,False,0.16499700984847632,-0.0177199546311958
2024-11-20,False,False,0.15756521272421445,-0.011057129579963965
2024-11-21,False,False,0.09538803416165235,-0.011202465177983956
2024-11-22,False,False,0.09058818053172024,0.0005393107779601003
2024-11-25,False,False,0.08901719500651975,0.016662398627209862
2024-11-26,False,False,0.09090393779041475,0.015948312943155463
2024-11-27,False,False,0.09301349107855024,0.01753345874995582
2024-11-29,False,False,0.0948354645977916,0.01410668847472496
2024-12-02,False,False,0.0909037070725352,0.01495780503296551
2024-12-03,False,False,0.04349303268584046,0.013635372424279257
2024-12-04,False,False,0.04476670609701039,0.010677288876952407
2024-12-05,False,False,0.048083807910485915,0.011670690470868772
2024-12-06,False,False,0.051929503003690126,0.013075497936154035
2024-12-09,False,False,0.04983257285981334,0.008729565575964715
2024-12-10,False,False,0.06210470483792464,0.0017394756469588657
2024-12-11,False,False,0.06516446903549548,-0.0018380228773721141
2024-12-12,False,False,0.07081119443865151,-0.00032913252300559304
2024-12-13,False,False,0.07498706863606268,-0.0038407013564741854
2024-12-16,False,False,0.06899661963039017,-0.0059229032079376465
2024-12-17,False,False,0.07158607509603636,0.003489448401185369
2024-12-18,False,False,0.07530878004927288,0.0024717985020432653
2024-12-19,True,True,0.1611790299614875,-0.034866493160569334
2024-12-20,True,True,0.16175588355528359,-0.030165638824599772
2024-12-23,True,False,0.1781555106887568,-0.01832283806618451
2024-12-24,True,False,0.18204371077288728,-0.01664320620939863
2024-12-26,False,False,0.19176271267411846,-0.001599710040427249
2024-12-27,False,False,0.1870856107295125,0.029138715908201718
2024-12-30,True,False,0.19260024804073184,0.018618231884135472
2024-12-31,True,True,0.19916200739521847,-0.004956441108989851
2025-01-02,True,True,0.19581716314996028,-0.014478131273375827
2025-01-03,True,True,0.19574366969083348,-0.027706636190731437
2025-01-06,True,False,0.1402579290311757,-0.01561512646065677
2025-01-07,True,False,0.14157099334875103,0.0005882269290431452
2025-01-08,True,True,0.14350523773407173,0.0006970177007816769
2025-01-10,True,True,0.13961765359552383,0.005818318486717988
2025-01-13,True,True,0.1391619589390633,-0.007098385539267116
2025-01-14,True,True,0.14041494591327336,-0.01783934547947652
2025-01-15,True,True,0.1359839186092671,-0.022121070883813765
2025-01-16,False,True,0.15877089214996115,0.007050269474308646
2025-01-17,False,True,0.15765281206025958,0.003647220295256215
2025-01-21,False,False,0.1624141795638065,0.029440644494864054
2025-01-22,False,False,0.15727546330363334,0.0372555426031862
2025-01-23,False,False,0.1571814071049972,0.04165306946582237
2025-01-24,False,False,0.1392897200594893,0.028627821422143818
2025-01-27,False,False,0.142833686153915,0.02760124414362175
2025-01-28,False,False,0.13884295523963264,0.0029954160206575597
2025-01-29,False,False,0.14092785629360488,0.002437610064619289
2025-01-30,False,False,0.1468617186595249,-0.007634720751926172
2025-01-31,False,False,0.12272616725077963,-0.0077244781473068125
2025-02-03,False,False,0.12694103980956745,-0.010115629613461463
2025-02-04,False,False,0.12410812741575934,-0.0026694692368781636
2025-02-05,False,False,0.11961674831221682,-0.004532522086791779
2025-02-06,False,False,0.1177308607899402,0.004004586134429333
2025-02-07,False,False,0.1153936011169263,0.0021155639951035976
2025-02-10,False,False,0.12298675244924709,-0.001744708848727905
2025-02-11,False,False,0.10464881600263641,0.011844019041904463
2025-02-12,False,False,0.0955853507559502,0.005865930780152073
2025-02-13,False,False,0.09407236775272441,-0.0014233222218443808
2025-02-14,False,False,0.10492453550113659,0.005624091366537742
2025-02-18,False,False,0.09952103542481215,0.014864257269852077
2025-02-19,False,False,0.088893253705891,0.010977929410262544
2025-02-20,False,False,0.08544872111901712,0.012588591105911595
2025-02-21,False,False,0.08937666460365412,0.011634843872970757
2025-02-24,True,False,0.1258630596075146,-0.016056286548213894
2025-02-25,True,True,0.11950361959764562,-0.020485484013386235
2025-02-26,True,True,0.11366670969797601,-0.028209783811585676
2025-02-27,True,True,0.11351605685978745,-0.03000342644048648
2025-02-28,True,True,0.1342069787548051,-0.041498738661650436
2025-03-03,True,True,0.14999596517330888,-0.009600960454615892
2025-03-04,True,True,0.1665947105916155,-0.022504646877242185
2025-03-05,True,True,0.16516082515282782,-0.029247441693220577
2025-03-06,True,True,0.18129868493555282,-0.019309045954496118
2025-03-07,True,True,0.19220318299588837,-0.02109221423908636
2025-03-10,True,True,0.1902042174563163,-0.03073142841255372
2025-03-11,True,True,0.2216613372755139,-0.0397245482102806
2025-03-12,True,True,0.22176864834033388,-0.03629996793586476
2025-03-13,True,True,0.2272901980945919,-0.0414880108869613
2025-03-14,True,True,0.22445141124561538,-0.03717413594275876
2025-03-17,True,True,0.2389108652591128,-0.022763578099140203
2025-03-18,True,True,0.23635800621669506,0.011720003208231189
2025-03-19,True,True,0.23530914347339907,0.009173981269958942
2025-03-20,True,True,0.2355386921420285,0.014779823557227845
2025-03-21,True,True,0.22020596352371707,0.025515940203879817
2025-03-24,True,True,0.21722619059634965,0.005092454632566135
2025-03-25,False,True,0.1871058566109832,0.01526308352959882
2025-03-26,False,True,0.1768221399140787,0.02882358621036274
2025-03-27,True,True,0.1931894833171863,0.00558945523619947
2025-03-28,True,True,0.17599363183288436,0.005827523663081813
2025-03-31,True,True,0.181502353026249,-0.014752297724933694
2025-04-01,True,True,0.1802377145422305,-0.025588767571134152
2025-04-02,True,True,0.17232338382260737,-0.02517985752232421
2025-04-03,False,True,0.16590755273863297,-0.00715805896354782
2025-04-04,True,True,0.2982889133090154,-0.05357268770902801
2025-04-07,True,True,0.399462718391685,-0.09066695360252941
2025-04-08,True,True,0.3713009531326586,-0.09833926204532228
2025-04-09,True,True,0.3618052533214884,-0.11496158440212623
2025-04-10,True,True,0.7013040223434377,-0.028165520608933625
2025-04-11,True,True,0.7310156319987223,-0.022582449266161597
2025-04-14,True,True,0.7365046653165774,0.05672102557051306
2025-04-15,True,True,0.7377640800537298,0.06887664071842359
2025-04-16,True,True,0.7371168754620293,0.08284321705930409
2025-04-17,True,True,0.7406041445724967,-0.04185046084954602
2025-04-21,True,True,0.7005923896315182,0.0034885053245981013
2025-04-22,True,True,0.6398909107650282,-0.03756976462235784
2025-04-23,True,True,0.6499551155827953,-0.02201736147252542
2025-04-24,True,True,0.6407474665493743,-0.004073584749467618
2025-04-25,False,True,0.3651939527917806,0.040006849049851745
2025-04-28,False,True,0.27219346334994776,0.04602876143388457
2025-04-29,False,True,0.2630730151594169,0.07194286592847599
2025-04-30,False,True,0.26128395576828456,0.05134186727114032
2025-05-01,False,True,0.2598172076544981,0.03571028389027964
2025-05-02,False,False,0.21765703974603262,0.021547859319297702
2025-05-05,False,False,0.21990137665723666,0.029275025510579367
2025-05-06,False,False,0.1578328243889879,0.022982662589274172
2025-05-07,False,False,0.15006540881555994,0.008081974742540021
2025-05-08,False,False,0.14016132734354533,0.011919788766894257
2025-05-09,False,False,0.10854127855605664,0.01180009703378726
2025-05-12,False,False,0.10838973961935225,-0.004269884970037108
2025-05-13,False,False,0.18653898044993533,0.034569042270612194
2025-05-14,False,False,0.1865704394638462,0.05017895433764208
2025-05-15,False,False,0.18591002998647743,0.04711752593982421
2025-05-16,False,False,0.18583401391095475,0.04495097925758573
2025-05-19,False,False,0.17881835081303502,0.052911365597403615
2025-05-20,False,False,0.17065918322484255,0.020343400675191248
2025-05-21,False,False,0.16087989435444885,0.010241292419147063
2025-05-22,False,False,0.19785119335186255,-0.008049830377665601
2025-05-23,False,False,0.19772310396274329,-0.012481794199785679
2025-05-27,False,False,0.20314197745568133,-0.02539549046769296
2025-05-28,False,False,0.15554666876735002,-0.006220054144411846
2025-05-29,False,False,0.1564480164842154,-0.008636248358031673
2025-05-30,False,False,0.15753545109926517,0.01233572352315937
2025-06-02,False,False,0.1556884449965163,0.010804506350022614
2025-06-03,False,False,0.15491019122317967,0.02348431320269939
2025-06-04,False,False,0.15769752843686224,0.008356592133949903
2025-06-05,False,False,0.1564718881087824,0.013951984649512639
2025-06-06,False,False,0.12807899624798352,0.005084315147358742
2025-06-09,False,False,0.13455192630463628,0.016542527433985654
2025-06-10,False,False,0.1243575489419268,0.011759544187259774
2025-06-11,False,False,0.08127536525041924,0.011726417045634596
2025-06-12,False,False,0.0744427178669576,0.009111808262234122
2025-06-13,False,False,0.07445947636045004,0.01804232341223777
2025-06-16,False,False,0.10012949552009091,-0.003571786531963661
2025-06-17,False,False,0.10652210186098761,0.0050026683416311
2025-06-18,False,False,0.11515550953335174,-0.009202758877982165
2025-06-20,False,False,0.11514174890578432,-0.006518557229826416
2025-06-23,False,False,0.11270443085724152,-0.012775187392879861
2025-06-24,False,False,0.11177010277976225,0.008248467528098047
2025-06-25,False,False,0.12378435210133053,0.009779544235956728
2025-06-26,False,False,0.1216041424429641,0.019053337959408223
2025-06-27,False,False,0.12394725108589033,0.027180945151726643
2025-06-30,False,False,0.12447705004435722,0.034714275164678954
2025-07-01,False,False,0.09996827782290625,0.029492626556538504
2025-07-02,False,False,0.09622136388881135,0.01791423652516233
2025-07-03,False,False,0.07268044253585579,0.021956121317930455
2025-07-07,False,False,0.0707578056385027,0.02201448122788041
2025-07-08,False,False,0.08791435176220662,0.009383486939300578
2025-07-09,False,False,0.08516057203917879,0.004030103909652638
2025-07-10,False,False,0.07557560404804327,0.010378045257488422
2025-07-11,False,False,0.07452601541289552,0.008655007457501807
2025-07-14,False,False,0.07590624597115,-0.00275050427054202
2025-07-15,False,False,0.07398892578651073,0.0066539929327555924
2025-07-16,False,False,0.07701619936876156,0.0029016346719814567
2025-07-17,False,False,0.07784322711491413,0.00025638629541213653
2025-07-18,False,False,0.08019157976009798,0.00354734717103411
2025-07-21,False,False,0.07135202764563613,0.006350021352631741
2025-07-22,False,False,0.05657066101432301,0.006337927234220331
2025-07-23,False,False,0.05604209294995759,0.010801427211724945
2025-07-24,False,False,0.0628490952440234,0.016003972274901024
2025-07-25,False,False,0.06276205728129142,0.010158588444774796
2025-07-28,False,False,0.057705999667778965,0.015169380615399408
2025-07-29,False,False,0.05896042162246961,0.012993621422027424
2025-07-30,False,False,0.05454781571655885,0.010177146064701326
2025-07-31,False,False,0.05645710112824566,0.0003941907670164113
2025-08-01,False,False,0.056243168628181704,-0.0036884080953210052
2025-08-04,True,False,0.10271883868087078,-0.024140637489474703
2025-08-05,False,False,0.1307987483978794,-0.009058937975738646
2025-08-06,True,False,0.13368445309476304,-0.011475615502203551
2025-08-07,False,False,0.13221386418551556,-0.002647921037949308
2025-08-08,False,False,0.13221394225028787,0.0002689533223581009
2025-08-11,False,False,0.13678401380417812,0.02486649916090844
2025-08-12,False,False,0.1371630081356965,0.007525706001344945
2025-08-13,False,False,0.14626168697366324,0.023440609021847747
2025-08-14,False,False,0.14594407765393963,0.019137773791731316
2025-08-15,False,False,0.14319576304861154,0.02008698969077849
2025-08-18,False,False,0.10472621099037652,0.00982453909581582
2025-08-19,False,False,0.08258984068602906,0.011605234655758245
2025-08-20,False,False,0.08344610485231459,-0.004481164605477206
2025-08-21,False,False,0.07941962330131142,-0.01051342161065516
2025-08-22,True,False,0.08283380001679787,-0.014574772966724825
2025-08-25,False,False,0.10666137644379131,0.002906254162059918
2025-08-26,False,False,0.10939815621649902,-0.0012902237069724043
2025-08-27,False,False,0.09770920430061153,0.00836185775603493
2025-08-28,False,False,0.0968832629521881,0.013351929885013991
2025-08-29,False,False,0.09822800601865307,0.02103689674075304
2025-09-02,False,False,0.10287066916796327,-0.00040290762898220756
2025-09-03,True,False,0.10991804423235173,-0.0034242838034782563
2025-09-04,False,False,0.10965672477000257,-0.0022010038728956793
2025-09-05,False,False,0.11424495373348104,0.003850734907243636
2025-09-08,False,False,0.1128016744367004,-0.0025889169417860902
2025-09-09,False,False,0.08460629632162542,0.005860011964307077
2025-09-10,False,False,0.08018740697807697,0.015712120988217393
2025-09-11,False,False,0.07910498803295837,0.01315748597917632
2025-09-12,False,False,0.08702272623126128,0.013110055727984848
2025-09-15,False,False,0.08690356511617563,0.015712873426953156
2025-09-16,False,False,0.0785019458700247,0.01861812757120318
2025-09-17,False,False,0.061243587844409676,0.014869375152734676
2025-09-18,False,False,0.06311731578416274,0.010686741455752102
2025-09-19,False,False,0.0556104093283807,0.0070404327452786575
2025-09-22,False,False,0.04987825758946821,0.012366994780471652
2025-09-23,False,False,0.05074356718969489,0.011769970533412444
2025-09-24,False,False,0.06633156636546193,0.007649737379923138
2025-09-25,False,False,0.07148862463598467,0.005693401740250126
2025-09-26,False,False,0.06703004403011666,-0.003602028314564132
2025-09-29,False,False,0.07202445425448657,-0.0028326056521317255
2025-09-30,False,False,0.06878807307565055,-0.004738767509476549
2025-10-01,False,False,0.06927626779604339,0.004478218893410935
2025-10-02,False,False,0.06858087569668848,0.011117833365376084
2025-10-03,False,False,0.06653067495228612,0.016974393091255147
2025-10-06,False,False,0.06356610872306792,0.011166178584294029
2025-10-07,False,False,0.06183746978715802,0.011948529894903137
2025-10-08,False,False,0.057450969633116536,0.004413221738640116
2025-10-09,False,False,0.057629370352773344,0.00697135127003512
2025-10-10,False,False,0.05270799047292743,0.002898897784087584
2025-10-13,True,False,0.1514598105984329,-0.024192705035589235
2025-10-14,True,False,0.17257212135224517,-0.012760381758429418
2025-10-15,True,False,0.1713009066306892,-0.0102971065981049
2025-10-16,False,False,0.17204383462517162,-0.011795990979743709
2025-10-17,True,False,0.17460693584473364,-0.015674354152906855
2025-10-20,True,False,0.17802399796446491,0.017411411154907075
2025-10-21,False,False,0.1857017368867052,0.012457769997019641
2025-10-22,False,False,0.18455024130158784,0.013681047637569943
2025-10-23,False,False,0.18360799596380095,0.003953876276913126
2025-10-24,False,False,0.18602332798541255,0.016832162050627764
2025-10-27,False,False,0.11069026836879908,0.019356100450445446
2025-10-28,False,False,0.1012480515189752,0.020765677927932824
2025-10-29,False,False,0.09820642719017184,0.02349208261099056
2025-10-30,False,False,0.09938123935385929,0.029335130099391593
2025-10-31,False,False,0.11265758629122903,0.012013218490716016
2025-11-03,False,False,0.11163583408904497,0.00710225214429272
2025-11-04,False,False,0.10292786430782856,-0.0027727507168020527
2025-11-05,False,False,0.12380628254980613,-0.017203737993044865
2025-11-06,False,False,0.1199966232263924,-0.014271373878173121
2025-11-07,True,False,0.13130970258615987,-0.014003500661222024
2025-11-10,True,False,0.1232072400038526,-0.016259566681146587
2025-11-11,False,False,0.13510278620722296,-0.0027804617154494338
2025-11-12,False,False,0.13487348630328072,0.011492209404725173
2025-11-13,False,False,0.13489045333771088,0.008559874518293542
2025-11-14,True,False,0.1491908015189344,0.0025808952070174307
2025-11-17,True,False,0.14734211297844632,0.0014307644440054723
2025-11-18,True,True,0.15092279223864452,-0.02314216826509219
2025-11-19,True,True,0.14588723313166252,-0.03355783229010034
2025-11-20,True,True,0.14633498631034297,-0.030363780385959438
2025-11-21,True,True,0.1551940181200502,-0.029031009389396067
2025-11-24,True,True,0.16714862783070655,-0.019198428787036592
2025-11-25,True,True,0.1646147026038345,0.004596872411160247
2025-11-26,False,False,0.17325400646111738,0.022633620605180704
2025-11-28,False,False,0.1778435159598114,0.025730800763085204
2025-12-01,False,False,0.15489086410926567,0.04729284465674888
2025-12-02,False,False,0.1579352804525272,0.03222918596705249
2025-12-03,False,False,0.1464928840324852,0.019140758705384453
2025-12-04,False,False,0.1335525691650968,0.013140351396663918
2025-12-05,False,False,0.13429127277412628,0.0069297310303237936
2025-12-08,False,False,0.08757617547860577,0.003365575119295583
2025-12-09,False,False,0.0910555984099572,0.004939215407958386
2025-12-10,False,False,0.0691580108391506,0.002215603417987877
2025-12-11,False,False,0.06201806905272386,0.005380981440638255
2025-12-12,False,False,0.05548951539459392,0.006984322925903896
2025-12-15,False,False,0.0775282598169398,-0.005731453832351852
2025-12-16,False,False,0.0741875867849967,-0.004242061337874969
2025-12-17,False,False,0.0746847853424704,-0.006105060588202371
2025-12-18,True,True,0.0879639117428453,-0.02351760521252455
2025-12-19,True,False,0.09943405726007393,-0.018427965394084644
2025-12-22,False,False,0.1113656743948783,0.0012342111799779065
2025-12-23,False,False,0.11497604853380189,0.008996175744597767
2025-12-24,False,False,0.11640654486667062,0.016384901373941663
2025-12-26,False,False,0.11322181968377786,0.031308265979578476
2025-12-29,False,False,0.1129162691717909,0.023475044459579264
2025-12-30,False,False,0.09761879618382874,0.010667215245687256
2025-12-31,False,False,0.0974040317224144,0.003183272464392095
2026-01-02,True,False,0.10524569679861703,-0.008779581173683049
2026-01-05,False,False,0.08228207998155279,-0.010443524937347015
2026-01-06,False,False,0.08071950431300501,-0.0037519383336069856
2026-01-07,False,False,0.07429808558202815,0.005757068748724281
2026-01-08,False,False,0.07311454133638896,0.003740847786141588
2026-01-09,False,False,0.06988140200491003,0.011130338245282312
2026-01-12,False,False,0.0754600043057373,0.01595503373726559
2026-01-13,False,False,0.07552670225506884,0.010818356925069494
2026-01-14,False,False,0.07342726267403724,0.002833148788727202
2026-01-15,False,False,0.07853273967132599,0.001131122886525393
2026-01-16,False,False,0.0653321726873663,0.003959332747783151
2026-01-20,False,False,0.06633144487866709,-0.0034722724697580087
2026-01-21,True,True,0.12082604356563012,-0.025289143215605936
2026-01-22,True,False,0.13306845878424342,-0.012064517013706255
2026-01-23,False,False,0.13566676010214415,-0.0019989571334626532
2026-01-26,False,False,0.13568222863983753,-0.004348202178532823
2026-01-27,False,False,0.13379026118048645,0.0015470036307321244
2026-01-28,False,False,0.1352061683272324,0.02643230326006174
2026-01-29,False,False,0.13472343666355382,0.014619199160154972
2026-01-30,False,False,0.13234732715313546,0.007344189724396211
2026-02-02,False,False,0.13283853003966342,0.003975451420685783
2026-02-03,False,False,0.135004763545961,0.0038687500797089935
2026-02-04,True,False,0.08857768765732947,-0.008569497511396684
2026-02-05,True,False,0.07510085553643675,-0.013272554056601438
2026-02-06,True,True,0.09213869857061804,-0.023658578156825594
2026-02-09,False,False,0.1397654452219063,-0.001950952326433164
2026-02-10,False,False,0.1395224724320181,-0.0020994807223562173
2026-02-11,False,False,0.13846331992177152,0.003756182550135767
2026-02-12,False,False,0.1384556083211777,0.008408749130840443
2026-02-13,True,True,0.15774810055327104,0.0053865001391049105
2026-02-17,True,True,0.15806695375682037,-0.012843531526936403
2026-02-18,True,True,0.15512344667183753,-0.015995387995712762
2026-02-19,True,True,0.15364185951154802,-0.008423395801851363
2026-02-20,True,True,0.15225952785017866,-0.010809873181115703
2026-02-23,False,False,0.13935830256017992,0.011977630026877906
2026-02-24,True,True,0.11188828110872019,0.0009387601677262047
2026-02-25,True,False,0.1161534887207078,0.006590026989384157
2026-02-26,False,False,0.12459758620254784,0.009995775570451393
2026-02-27,False,False,0.12790690187793946,0.007041842432971679
2026-03-02,True,True,0.1010833852250065,-0.004989629490681047
2026-03-03,True,True,0.10108585659767703,0.005847096687130904
2026-03-04,True,True,0.11145594394894358,-0.010213138130849786
2026-03-05,True,True,0.1146014532451238,-0.011570367208209364
2026-03-06,True,True,0.1173074096706012,-0.011591470289145867
2026-03-09,True,True,0.1242903525601008,-0.019839939662013917
2026-03-10,True,True,0.12766003555777977,-0.01181561341228865
2026-03-11,True,True,0.1199295406596974,-0.0046301051706443275
2026-03-12,True,True,0.10665743410575779,-0.01284427883136785
2026-03-13,True,True,0.12408192309867098,-0.022383348987940255
2026-03-16,True,True,0.12442845278041406,-0.01500639535441095
2026-03-17,True,True,0.1413801653577582,-0.013622892649087226
2026-03-18,True,True,0.1387654743843415,-0.009436192155715784
2026-03-19,True,True,0.1430322440091674,-0.022030664852653703
2026-03-20,True,True,0.14260654691423127,-0.009398553411259059
2026-03-23,True,True,0.14511600857302318,-0.018041585514852243
2026-03-24,True,True,0.1493623383759382,-0.01772740292109265
2026-03-25,True,True,0.14912567058881124,-0.02359333305389555
2026-03-26,True,True,0.15553608542380762,-0.00425779343196564
2026-03-27,True,True,0.16203376508629289,-0.019624531054256766
2026-03-30,True,True,0.1769236450358627,-0.02232604022922824
2026-03-31,True,True,0.15863178318361545,-0.03571973505533077
2026-04-01,True,True,0.23370072865604932,-0.00434795909065433
2026-04-02,True,True,0.22964518410782195,-0.0024055296722983455
2026-04-06,True,True,0.22949062389375932,0.016648839551727246
2026-04-07,False,True,0.2162701249091328,0.039174249078478995
2026-04-08,False,True,0.21058997410671343,0.043119135187743574
2026-04-09,False,False,0.24248481678622144,0.03947166075626396
2026-04-10,False,False,0.24253278709161916,0.03765032798676993
2026-04-13,False,False,0.21364117120072745,0.03603067888987366
2026-04-14,False,False,0.17384262885063886,0.041233515476294835
2026-04-15,False,False,0.162670997014411,0.053457116090898316
2026-04-16,False,False,0.12075438655664253,0.03539888437528926
2026-04-17,False,False,0.12326288328458741,0.031989527195323
2026-04-20,False,False,0.12079595895103187,0.04515350348639524
2026-04-21,False,False,0.13026842021669055,0.03296895416440759
2026-04-22,False,False,0.14456915058995456,0.013852489191836348
2026-04-23,False,False,0.10322769657123522,0.016101379360914603
2026-04-24,False,False,0.112450979791928,0.009677052160243838
2026-04-27,False,False,0.11029467330034382,0.005351057747332577
2026-04-28,False,False,0.10788533089909064,0.009100914270522953
2026-04-29,False,False,0.10640184476492912,0.01080843084176597
2026-04-30,False,False,0.10252760031897315,0.0005202408942721615
2026-05-01,False,False,0.11071186684946702,0.014411743021349954
2026-05-04,False,False,0.09695821664786558,0.009398548753488889
2026-05-05,False,False,0.0989721999011838,0.0039710836880166855
2026-05-06,False,False,0.09341037186159921,0.016973682864452444
2026-05-07,False,False,0.10313523768301214,0.03126844477996449
2026-05-08,False,False,0.10164966972260067,0.017977903750431956
2026-05-11,False,False,0.10230938265230559,0.02354818524564295
2026-05-12,False,False,0.10210961794443857,0.029651398621940217
2026-05-13,False,False,0.09575484129678191,0.01990963992503536
2026-05-14,False,False,0.09363863329191033,0.011555809930535954
2026-05-15,False,False,0.09065807492898746,0.022676946450176816
2026-05-18,False,False,0.12164076774483022,0.002101352904296361
2026-05-19,False,False,0.11825624532345794,-0.0008792112035134192
2026-05-20,False,False,0.12318819687536227,-0.006028339953875417
2026-05-21,False,False,0.11381947443912496,-0.0014279750043589834
2026-05-22,False,False,0.11153124882233724,-0.007284440664241387
2026-05-26,False,False,0.10622016807232695,0.008753061333280465
2026-05-27,False,False,0.1097681254440894,0.016164625604255578
2026-05-28,False,False,0.10892656127126217,0.022801303114080573
2026-05-29,False,False,0.10884836912553346,0.018010117997041775
2026-06-01,False,False,0.10343467615238351,0.0185264961764664
2026-06-02,False,False,0.0729134772564504,0.01730057390165629
2026-06-03,False,False,0.07100816893364924,0.011963921036195035
2026-06-04,False,False,0.07234817483979764,0.005036910382033355
2026-06-05,False,False,0.05982775836796805,0.003299761164994308
2026-06-08,True,False,0.15251940006382467,-0.025023794305923164
2026-06-09,True,False,0.15134029184195896,-0.025469981567499356
2026-06-10,True,False,0.14564792013527145,-0.029648353111147996
2026-06-11,True,False,0.16104867826399108,-0.038197391397816305
2026-06-12,True,False,0.18695312812857573,-0.02553197045008493
2026-06-15,True,False,0.1895542443028954,0.005694528835574975
2026-06-16,False,False,0.21305829415785724,0.02111685272951025
2026-06-17,False,False,0.21452223402641013,0.018017773735911513
2026-06-18,True,False,0.220395749782418,0.02140799300265983
2026-06-22,False,False,0.2273845548052402,0.01477893276590847
2026-06-23,True,False,0.18219135904512573,0.006143921165353339
2026-06-24,True,False,0.19832257681589185,-0.0256489396154862
2026-06-25,True,False,0.19783870738655987,-0.020259706190979387
2026-06-26,True,False,0.17774715383912637,-0.006435886976129956
2026-06-29,True,True,0.15937824567224795,-0.02376998687628895
2026-06-30,True,False,0.17997962500579548,-0.0045540644017249
2026-07-01,False,False,0.15883948723536348,0.01798031571198777
2026-07-02,False,False,0.1562868216560005,0.01707490044187443
2026-07-06,False,False,0.14125102397028858,0.014272095873621105
2026-07-07,False,False,0.13829615585581725,0.03057655111867108
2026-07-08,False,False,0.13975378947424844,0.009055330634277992
2026-07-09,False,False,0.1149795350522932,-0.0018345675375283088
2026-07-10,False,False,0.11910474716099217,0.007978438103411367
2026-07-13,False,False,0.11925187509246074,0.013655039071940767
2026-07-14,False,False,0.1202673179419832,-0.0028085400915770498
2026-07-15,False,False,0.09352720996389124,0.00551015768145402
2026-07-16,False,False,0.08810658946206949,0.012624094445935041
2026-07-17,False,False,0.09345851430839143,-0.0013169972462785395
2026-07-20,True,False,0.10746531442564546,-0.015444731439168247
2026-07-21,True,True,0.09531834622246209,-0.009450458507414772
2026-07-22,False,False,0.10397822342366402,-0.004721812111780688
2026-07-23,False,False,0.10276853026533139,-0.00980379168267509
2026-07-24,True,True,0.10930632156950269,-0.016703964194373477
2026-07-27,True,True,0.10533475991736176,-0.005865812805230797
2026-07-28,True,True,0.10108286266929538,-0.004042636337910466
2026-07-29,True,True,0.0996753350474872,-0.009916074196824609
2026-07-30,True,True,0.11620717220022014,-0.02401626951739999
2026-07-31,True,True,0.15290922229827478,0.004754937820043992
2026-08-03,False,False,0.1496310340151446,0.010961796110592337
2026-08-04,False,False,0.16374144105879915,0.02513902231122045
2026-08-05,False,False,0.18040837511529734,0.041127878411575836
2026-08-06,False,False,0.18100718224868884,0.05528747292517733
2026-08-07,False,False,0.16256412766741957,0.03622807372352321
2026-08-10,False,False,0.16187971409923838,0.03511237835160563
2026-08-11,False,False,0.16228929413177087,0.020272678078846917
2026-08-12,False,False,0.1667301828642336,-0.0009982757055995162
2026-08-13,False,False,0.12826867365589645,0.0035074500837890543
2026-08-14,False,False,0.11333065689139248,0.012126574372853138
2026-08-17,False,False,0.11718682279681746,0.003983136331893622
2026-08-18,False,False,0.10859455509628958,-0.00046569990815359397
2026-08-19,False,False,0.07072572015130041,-0.004036025747508165
2026-08-20,False,False,0.07127660925241049,-0.0044401869279862005
2026-08-21,False,False,0.08259692273615632,-0.01964313261685602
2026-08-24,False,False,0.07839329128416525,-0.01367957338279624
2026-08-25,True,False,0.07887989664248152,-0.011906764854336171
2026-08-26,False,False,0.0809253744741913,-0.002006645384064254
2026-08-27,True,False,0.07927292027077712,-0.0038748602189684345
2026-08-28,False,False,0.07812359890030184,0.011146079202727588
2026-08-31,False,False,0.0782528846535679,0.004740636263908415
2026-09-01,True,False,0.07633142899975873,0.004689116795682846
2026-09-02,True,False,0.07658711504589147,-0.005392278466138323
2026-09-03,True,False,0.0798372985973771,-0.0012009189640769247
2026-09-04,False,False,0.08363615888479775,0.0026844767215665755
